Checker Board;;;;;;;;;;;;;;;;;;;;;;;;;;;;;;;;;;;;;;;;;;;;;;;;;;;;;;;;;;;;;;;;;;;;;;;;;;;;;;;;;;;;;;;;;;;;;;;;;;;;;;;;;;;;;;;;;;;;;;;;;;;;;;;;;;;;;;;;;;;;;;;;;;;;;;;;;;;;;;;;;
Row\Col;1;2;3;4;5;6;7;8;9;10;11;12;13;14;15;16;17;18;19;20;21;22;23;24;25;26;27;28;29;30;31;32;33;34;35;36;37;38;39;40;41;42;43;44;45;46;47;48;49;50;51;52;53;54;55;56;57;58;59;60;61;62;63;64;65;66;67;68;69;70;71;72;73;74;75;76;77;78;79;80;81;82;83;84;85;86;87;88;89;90;91;92;93;94;95;96;97;98;99;100;101;102;103;104;105;106;107;108;109;110;111;112;113;114;115;116;117;118;119;120;121;122;123;124;125;126;127;128;129;130;131;132;133;134;135;136;137;138;139;140;141;142;143;144;145;146;147;148;149;150;151;152;153;154;155;156;157;158;159;160;Number of bad pixels in Row
1;202;99;203;100;202;99;202;101;202;99;202;99;202;99;202;101;202;99;202;100;201;98;201;101;200;99;202;100;201;98;200;101;201;99;201;99;200;98;201;100;199;98;200;98;200;98;200;101;200;99;200;99;199;99;200;102;200;99;199;98;199;99;199;101;198;98;199;99;198;98;200;101;200;99;199;99;200;99;200;101;199;98;200;99;200;98;199;100;200;99;199;98;198;98;200;101;199;98;198;98;199;99;199;100;199;98;198;98;198;99;199;100;198;100;198;99;198;99;199;101;197;98;200;99;198;98;198;101;200;99;198;98;198;98;200;101;198;100;200;99;200;98;199;101;198;98;200;98;199;99;199;102;199;99;199;99;199;99;200;98;0
2;98;201;98;201;99;201;99;202;101;202;99;203;99;202;99;201;101;202;98;202;98;201;98;200;100;201;99;202;99;201;99;200;101;200;98;200;98;200;99;199;100;199;99;201;98;198;99;199;100;200;98;200;98;200;99;200;100;200;98;200;97;199;99;199;101;198;98;200;99;200;99;200;101;199;99;199;98;200;98;200;100;199;99;199;99;198;99;199;101;199;99;199;99;199;98;199;101;200;98;200;99;198;99;199;101;199;99;200;99;199;99;200;100;198;98;200;99;198;98;198;100;198;99;200;98;198;99;200;101;200;99;199;99;199;98;200;101;200;99;199;99;198;99;200;100;198;99;199;99;198;99;200;100;199;98;199;99;199;99;200;0
3;202;99;201;100;202;98;202;101;202;99;201;99;202;98;201;100;201;98;201;99;201;98;201;101;201;98;201;98;201;98;200;100;201;99;200;98;200;98;200;101;200;99;200;99;201;98;201;101;201;98;200;98;201;98;201;100;200;99;200;98;199;98;199;100;199;98;198;99;198;99;200;100;199;99;200;99;200;98;198;101;199;99;199;99;198;98;199;100;198;99;199;99;200;98;198;99;198;98;198;98;199;99;198;100;199;99;199;98;199;98;200;102;199;98;198;99;199;99;198;100;198;98;199;99;200;98;199;100;199;98;200;99;200;99;198;101;199;99;198;99;199;99;200;101;198;98;200;98;198;99;199;101;200;99;200;98;199;99;200;98;0
4;99;203;99;202;99;202;99;202;101;202;98;202;99;203;98;201;101;201;99;201;99;202;99;201;100;201;99;201;99;201;99;200;100;200;99;200;98;199;99;200;100;199;98;201;97;199;98;199;99;200;99;199;99;200;99;199;101;200;100;200;99;199;97;200;101;200;98;199;98;198;99;200;100;199;98;200;99;198;99;198;100;198;98;199;98;199;99;199;101;198;98;199;98;199;99;198;101;198;99;198;98;197;99;199;102;199;98;199;99;198;99;199;101;198;98;199;99;199;99;198;100;198;98;198;100;199;99;198;102;200;98;200;99;199;98;199;101;198;99;198;99;197;99;200;101;200;98;198;98;199;99;199;101;199;99;199;99;200;98;199;0
5;201;99;204;99;201;99;202;100;202;99;201;98;202;98;201;100;201;99;201;99;200;98;201;100;201;99;201;98;201;97;200;101;200;99;200;99;199;99;199;101;200;99;200;99;200;99;200;100;199;99;200;99;200;99;202;102;200;98;201;98;199;98;200;101;199;98;200;100;198;99;200;100;200;99;199;98;200;97;199;101;199;99;200;98;198;99;199;100;199;99;199;98;200;98;199;100;199;98;199;99;199;98;199;100;199;99;199;99;198;99;199;101;199;99;198;99;199;100;198;101;199;97;198;98;199;98;199;100;199;99;199;99;199;100;198;101;198;100;199;98;198;99;200;100;199;99;199;98;198;99;199;101;200;99;199;98;199;98;199;99;0
6;99;202;99;201;99;201;99;202;102;201;98;201;99;202;100;202;100;201;99;200;98;202;99;201;101;201;100;202;99;200;99;201;100;200;98;201;99;201;99;201;101;199;99;199;98;200;98;199;101;200;98;199;99;200;99;200;100;200;99;200;98;200;99;198;100;199;98;199;99;199;99;199;100;200;99;199;100;198;99;199;101;199;98;198;99;199;98;199;101;198;98;200;98;200;98;199;101;199;99;199;98;198;98;199;100;199;98;200;98;199;99;199;102;198;99;199;100;199;98;199;101;198;100;199;99;197;99;200;101;199;99;200;98;200;98;199;101;199;99;199;100;199;100;200;101;199;99;198;99;199;99;199;101;199;99;200;99;199;98;199;0
7;202;98;202;99;202;99;201;100;202;97;202;99;201;99;201;101;201;99;201;99;202;99;201;101;200;99;202;99;202;98;201;100;201;99;200;99;200;98;201;100;200;99;200;98;200;98;200;100;201;99;200;99;200;99;201;101;200;98;200;98;199;98;199;101;199;98;198;99;199;98;200;102;200;98;199;99;200;99;200;100;199;99;200;98;200;98;198;101;200;98;199;99;200;99;198;100;199;99;199;98;199;99;199;101;198;99;198;99;197;98;199;101;199;99;198;98;198;98;198;101;199;98;199;100;200;98;199;101;199;99;199;99;197;99;199;102;198;99;198;98;199;97;200;102;199;98;200;100;198;100;200;101;200;98;199;99;199;98;200;96;0
8;99;203;98;202;98;202;99;202;101;202;98;202;99;202;99;201;100;201;99;201;99;201;99;202;101;201;98;200;99;200;98;201;100;201;98;199;98;200;98;200;100;200;98;200;99;200;99;199;100;201;99;199;99;200;99;200;100;198;99;200;99;199;99;199;100;199;98;200;97;199;99;199;100;200;98;199;99;199;99;200;101;199;99;198;99;198;98;199;101;198;99;199;98;198;99;199;101;199;99;199;98;199;99;199;101;199;98;199;99;199;99;199;99;198;99;197;100;197;99;198;101;198;99;199;98;198;99;200;101;199;99;199;99;199;99;198;101;198;99;199;98;198;99;199;101;198;98;199;99;199;98;200;101;199;100;199;99;200;98;200;0
9;200;98;202;98;200;99;202;100;202;99;202;100;202;97;202;101;201;100;202;98;200;99;201;99;201;99;202;99;202;99;201;100;201;98;200;98;199;98;200;101;200;97;200;98;199;98;200;100;199;98;199;99;200;98;200;100;199;98;200;98;199;98;200;100;199;99;198;97;198;98;199;101;199;99;199;98;200;99;198;100;199;99;198;99;198;98;198;102;199;99;198;99;198;99;198;101;199;98;198;98;198;98;199;101;199;98;198;98;198;99;198;100;200;99;198;99;198;99;198;100;200;98;200;99;198;98;199;101;200;99;200;100;198;100;199;101;199;99;198;99;199;99;199;101;198;101;199;99;198;99;199;100;200;99;199;98;200;98;200;98;0
10;98;203;99;202;100;202;99;202;100;202;99;202;99;203;99;202;101;202;99;200;98;202;98;201;100;201;98;201;99;201;98;200;101;200;100;200;98;200;99;200;100;199;100;200;98;198;98;199;100;199;99;200;99;200;99;200;100;200;99;200;98;198;98;198;101;198;98;199;98;199;98;199;99;199;99;199;99;199;99;200;100;199;99;199;98;199;99;199;100;198;99;198;99;199;98;199;101;198;99;198;98;198;98;197;101;198;99;199;98;199;98;200;100;199;98;200;98;199;99;199;100;198;98;198;98;200;98;199;100;200;99;198;99;199;99;199;100;199;100;200;99;199;98;200;100;200;98;199;99;199;99;200;102;201;98;199;98;200;98;201;0
11;202;99;202;99;202;99;202;101;202;100;200;99;202;99;202;102;201;99;201;98;201;99;201;100;201;99;201;100;202;98;201;101;201;99;200;98;200;99;200;100;200;98;200;98;200;98;199;101;199;99;199;98;199;98;200;100;200;99;200;98;200;99;200;101;199;98;199;100;198;98;199;100;199;99;199;98;199;99;199;101;198;98;199;99;198;99;198;101;199;99;199;98;198;98;199;100;199;99;199;99;198;99;200;101;199;98;199;100;198;98;200;101;200;100;198;99;198;100;198;101;198;98;199;99;199;98;198;100;199;99;199;99;198;98;198;101;199;99;199;100;199;99;199;101;199;99;200;99;198;98;199;102;199;99;200;99;200;99;201;99;0
12;99;202;99;201;98;202;98;202;101;202;99;201;99;201;98;202;102;202;100;201;98;200;99;201;100;201;98;201;99;200;99;200;100;200;98;199;98;200;98;200;100;199;99;201;98;200;98;200;102;199;98;200;100;199;99;201;100;200;98;200;100;200;99;199;101;198;98;199;98;200;99;199;100;199;98;200;99;200;99;200;101;199;98;198;99;198;98;199;100;199;98;199;99;198;100;198;100;199;99;198;98;198;98;199;101;200;100;199;98;198;99;201;100;198;98;199;98;198;100;198;100;199;99;198;99;199;98;200;101;200;99;198;99;199;98;199;101;199;98;199;99;198;99;199;101;200;100;199;98;199;98;200;101;199;100;201;99;199;99;200;0
13;201;98;202;99;201;97;202;100;202;98;202;99;200;100;201;101;202;99;202;100;202;99;201;101;201;100;201;99;201;98;200;101;200;98;201;99;199;98;200;100;200;98;200;97;200;98;200;101;199;99;199;98;200;98;201;101;200;99;200;98;200;98;199;101;200;98;199;98;198;100;200;100;200;99;200;99;199;100;199;101;198;99;198;99;198;99;199;101;199;98;199;99;198;98;198;101;199;98;197;98;198;99;198;100;198;99;199;98;198;100;199;101;199;98;199;99;198;99;198;100;198;99;199;98;198;98;197;101;199;99;199;98;199;99;199;100;198;99;198;98;199;98;200;100;198;100;198;98;198;99;199;101;199;98;199;98;200;98;199;99;0
14;99;203;100;201;99;202;98;203;100;203;99;202;99;202;98;200;100;200;99;200;99;202;99;201;101;200;98;202;98;201;98;200;101;199;99;201;98;200;100;201;100;198;99;199;98;199;98;199;101;200;99;199;99;200;99;199;101;200;99;200;98;199;97;199;100;199;98;199;99;199;99;199;100;199;98;199;99;199;98;199;101;199;100;199;98;197;98;198;100;198;98;199;100;199;98;199;100;198;99;198;97;198;98;198;101;198;99;199;99;197;99;198;101;198;98;199;98;198;98;198;101;197;98;198;98;199;98;198;101;200;98;198;100;199;99;199;101;199;99;199;99;198;99;199;101;198;100;199;98;200;98;199;101;199;99;199;99;199;98;199;0
15;203;99;202;99;201;98;202;101;202;99;202;99;202;99;201;101;202;99;201;99;200;99;201;101;200;98;201;98;201;99;200;101;200;98;200;98;200;99;200;100;200;99;199;98;201;98;200;101;200;100;200;98;200;99;200;100;199;98;199;98;198;99;199;100;198;98;198;98;199;99;199;101;200;99;198;98;199;99;200;100;199;98;200;99;198;97;199;101;200;99;198;100;198;99;198;102;198;99;198;98;198;100;199;102;199;98;199;99;198;98;199;101;198;98;198;99;197;98;198;102;198;98;198;100;198;98;198;100;198;100;200;98;199;98;199;101;199;98;200;100;198;99;199;102;199;100;199;97;199;99;198;101;199;99;199;98;199;99;200;98;0
16;100;203;99;201;99;200;99;201;101;202;98;202;99;201;98;201;100;201;98;201;99;200;98;200;101;201;99;201;99;201;98;200;100;201;99;199;99;199;100;200;100;199;99;200;97;199;97;198;101;200;99;200;98;200;99;200;100;200;99;200;98;199;98;199;100;200;100;199;98;199;98;200;101;199;98;199;98;199;99;200;100;200;99;199;99;198;99;199;101;198;99;198;98;198;98;200;100;199;98;198;99;198;98;199;101;199;99;199;100;200;100;200;101;199;99;199;100;198;98;198;102;198;99;199;99;199;99;198;101;199;99;199;99;198;98;198;102;199;99;198;99;199;100;200;101;198;99;198;98;199;99;199;100;200;97;200;98;200;99;200;0
17;201;99;202;99;203;99;202;100;201;99;201;99;201;99;203;101;202;98;202;98;202;99;200;100;201;99;201;98;201;99;200;100;201;99;200;98;200;99;199;101;200;98;200;98;200;98;199;101;200;98;199;99;200;99;200;102;200;99;200;99;200;98;199;101;200;100;200;98;199;99;199;101;199;99;200;99;199;99;200;100;198;98;200;99;198;98;198;101;200;99;199;99;199;99;199;100;199;98;198;98;198;97;198;101;199;99;199;99;198;98;198;101;199;99;198;99;198;99;198;100;200;99;199;99;199;98;200;101;199;99;199;98;199;99;200;101;198;98;198;98;198;98;198;101;199;99;200;99;198;98;199;100;199;99;201;99;200;98;199;99;0
18;99;203;99;202;99;202;98;202;101;202;98;202;99;202;99;201;100;201;99;201;98;201;99;202;102;202;98;201;99;200;99;200;101;200;99;200;99;202;99;200;100;199;98;200;98;199;97;199;100;200;99;200;99;199;99;200;100;200;98;200;98;198;98;200;100;198;98;198;99;199;98;199;101;199;98;198;98;198;98;200;101;198;98;199;98;199;98;199;101;198;99;199;99;199;98;198;101;198;98;199;98;198;98;199;101;199;97;198;98;198;98;199;101;198;98;199;99;198;98;198;100;199;98;199;99;199;98;200;101;200;100;198;98;198;99;199;101;199;99;199;99;199;99;199;100;198;99;199;100;199;98;201;101;199;99;199;99;199;98;200;0
19;202;98;202;99;202;99;201;100;202;99;202;99;202;98;200;102;201;98;201;98;200;98;200;100;201;99;201;98;201;99;200;100;202;99;201;100;199;99;200;100;200;98;200;99;199;99;200;100;199;99;200;98;200;98;200;101;200;99;200;100;200;99;200;101;200;99;200;100;199;99;200;101;200;99;199;99;199;99;199;100;199;99;199;98;198;99;199;100;198;98;200;98;200;99;199;101;198;99;198;99;197;99;199;101;198;98;198;98;199;98;199;100;199;97;198;98;199;99;198;100;199;98;200;99;199;98;198;100;198;99;200;99;198;99;200;101;199;98;198;99;199;100;200;101;198;98;200;99;199;98;199;100;200;100;200;99;200;99;200;98;0
20;99;202;99;202;100;202;99;202;101;202;98;203;99;201;98;201;102;201;98;202;99;202;99;201;101;201;99;202;100;200;99;201;101;201;99;198;98;200;98;200;100;200;98;200;98;199;98;199;100;199;99;200;99;200;99;201;101;200;98;200;98;198;99;199;101;199;98;200;99;199;98;199;100;200;98;199;99;199;99;200;100;199;98;199;98;198;99;199;101;199;99;200;98;199;100;198;101;198;99;198;99;198;98;199;100;198;99;198;99;199;99;198;100;198;99;198;98;199;99;198;101;199;98;198;98;198;98;199;101;199;98;199;98;199;100;198;101;200;99;199;99;200;100;200;100;199;98;199;99;199;99;200;101;200;99;199;99;200;100;199;0
21;202;99;203;99;202;98;203;101;202;99;201;99;202;100;202;101;201;150;201;99;202;99;201;101;200;100;201;100;201;99;201;101;201;99;200;99;200;99;200;100;200;99;201;100;199;98;199;101;199;98;200;99;200;99;200;101;200;99;200;99;199;98;200;101;199;99;199;98;199;98;199;102;200;99;199;99;200;99;199;101;199;99;199;98;199;99;199;100;199;98;199;99;199;99;200;101;200;99;199;99;198;99;198;100;199;98;199;98;199;98;199;101;198;99;198;99;198;99;198;101;199;98;198;99;198;98;199;101;199;99;199;99;198;99;199;101;199;99;199;99;199;100;200;100;198;98;199;98;198;98;199;100;200;98;200;99;200;98;201;99;0
22;99;203;99;202;99;202;97;200;101;202;99;202;100;202;100;201;100;201;99;200;99;201;99;201;101;202;98;201;100;201;98;201;100;200;99;199;98;199;100;201;101;200;98;200;98;199;100;200;100;199;98;199;99;199;98;199;101;199;98;199;97;199;98;198;101;199;98;199;97;199;98;199;101;199;99;198;99;200;99;199;100;199;98;199;99;198;99;200;100;198;99;199;99;199;99;198;100;199;99;198;97;198;98;199;101;198;99;200;99;199;99;199;100;198;99;200;97;198;99;198;101;198;98;199;99;199;98;199;100;198;98;199;99;198;98;198;100;199;99;199;99;200;99;199;101;199;99;198;100;200;99;200;100;199;99;199;99;199;99;200;0
23;202;98;203;98;202;99;202;101;202;100;202;99;202;99;201;101;201;99;201;98;200;99;200;100;200;98;201;98;201;99;200;100;201;98;201;99;200;99;200;101;198;98;199;98;200;97;198;101;201;99;198;99;199;98;200;101;201;99;199;99;200;98;200;100;199;98;199;99;199;98;199;100;200;99;198;100;200;98;199;101;200;98;198;98;198;99;200;101;199;99;199;99;200;98;199;101;198;98;198;98;198;98;199;100;198;99;199;99;198;99;198;100;199;98;198;99;198;99;200;101;199;98;200;100;200;98;198;100;199;99;199;98;200;99;198;101;198;98;200;99;200;98;200;100;199;99;199;99;199;99;199;102;199;98;199;99;199;99;199;98;0
24;99;202;98;202;98;202;98;201;102;202;98;202;99;201;99;200;100;201;99;202;99;201;99;201;101;201;98;200;99;200;98;200;101;199;98;199;99;199;99;201;101;199;99;200;99;198;98;199;100;200;99;199;99;199;99;200;101;200;98;201;98;199;98;200;100;199;98;200;99;200;99;199;101;200;99;199;100;199;99;199;101;199;98;199;98;199;99;199;100;199;99;198;99;199;99;199;101;199;97;199;100;198;99;198;102;198;98;199;99;199;98;199;101;198;99;198;99;199;98;199;101;198;99;198;98;199;98;199;100;199;99;198;98;198;97;198;101;199;98;198;98;199;99;199;101;199;100;199;99;198;98;199;101;199;98;200;99;201;98;200;0
25;202;99;201;99;201;99;202;101;202;99;203;99;201;99;202;100;201;101;202;98;201;98;201;100;201;98;201;99;201;99;200;100;201;99;201;98;202;98;201;101;200;99;199;99;200;98;200;101;200;98;199;98;199;99;200;100;200;98;199;98;199;98;198;100;199;98;198;99;200;98;198;100;199;98;200;99;200;99;199;100;199;99;198;99;199;98;199;102;200;98;199;99;199;99;198;101;199;99;199;98;198;99;199;102;198;98;199;99;198;99;198;101;199;98;199;99;199;98;198;101;200;98;198;97;199;99;199;101;200;99;200;99;199;98;198;101;199;99;199;98;199;98;199;100;199;99;199;99;199;99;199;102;200;99;199;99;199;98;200;97;0
26;99;201;98;202;98;202;99;201;101;201;100;202;99;202;99;201;101;202;98;201;98;200;98;202;102;202;100;200;99;200;98;200;101;201;100;201;98;200;99;200;101;199;98;200;98;198;98;199;100;201;98;200;100;200;99;200;101;200;99;199;98;199;98;199;101;198;99;200;99;200;98;200;101;199;99;199;100;199;98;200;100;199;98;198;100;199;99;198;101;198;98;198;98;199;98;198;101;198;98;200;99;198;99;198;101;199;98;198;99;198;98;199;101;198;98;198;97;199;98;199;100;198;98;199;98;200;99;198;100;198;98;198;99;198;99;198;101;199;99;198;99;199;99;199;101;198;99;200;98;199;98;199;101;200;99;201;99;200;99;200;0
27;202;98;201;99;202;98;201;102;201;98;202;99;201;98;200;100;201;99;202;98;202;100;201;100;202;99;202;99;201;98;200;101;201;98;200;100;200;99;200;101;200;99;200;98;200;98;200;101;200;99;200;99;200;98;200;100;200;99;200;99;199;98;199;100;199;98;200;98;199;98;200;101;199;99;199;99;200;98;200;100;199;98;199;98;199;99;199;101;198;99;200;98;199;98;199;101;198;98;199;99;199;99;199;102;198;97;199;98;199;98;198;101;199;98;198;99;200;99;199;102;198;98;198;98;199;98;199;100;200;99;198;98;198;99;199;101;199;99;200;98;201;99;200;102;198;99;199;99;199;99;199;101;200;98;200;99;200;100;199;99;0
28;98;202;99;201;98;202;96;201;100;203;98;203;99;202;98;201;100;202;99;201;99;200;99;200;100;201;98;200;98;201;99;201;101;201;98;200;98;200;99;200;99;199;99;199;99;198;98;199;101;200;99;199;99;199;98;199;100;200;99;200;98;199;98;198;100;199;99;199;99;200;99;201;101;200;98;199;98;198;98;199;101;199;98;198;99;199;99;199;100;198;100;199;99;200;99;198;101;198;99;198;98;199;99;198;100;200;100;199;98;198;98;199;102;198;100;199;98;198;98;199;101;199;98;200;97;199;99;199;102;200;99;198;99;199;99;199;102;198;99;199;99;199;99;199;101;199;99;199;98;199;99;199;102;200;98;200;98;200;99;200;0
29;202;100;202;99;202;99;202;100;201;98;201;100;200;98;201;101;202;99;202;98;202;99;202;101;200;98;201;98;201;99;201;100;201;98;200;98;199;99;201;100;199;99;200;99;201;99;200;101;199;98;200;97;199;99;200;101;200;98;200;98;199;98;200;102;198;99;199;99;198;98;199;101;200;99;201;99;199;99;200;101;198;99;199;98;199;98;198;101;200;98;199;99;197;99;198;101;199;99;198;99;199;98;198;100;198;99;199;100;199;99;199;102;199;98;199;98;198;99;199;99;199;99;199;98;200;98;199;101;199;98;199;98;198;98;199;101;198;100;199;99;200;98;200;101;200;99;200;98;199;98;198;101;200;100;200;98;202;99;200;99;0
30;99;202;98;202;99;201;98;201;101;201;99;203;98;202;98;201;102;201;99;202;99;201;100;201;101;202;99;201;99;202;99;201;101;200;98;199;98;199;99;201;101;200;97;200;99;199;98;199;101;200;99;199;99;201;99;200;101;199;98;199;98;199;99;200;100;199;98;199;99;199;99;199;100;199;99;199;98;198;98;199;101;199;98;198;99;198;98;198;100;199;98;198;99;199;99;198;101;199;99;199;98;199;99;199;101;200;98;199;100;198;98;200;100;198;99;197;98;198;99;199;100;199;98;199;99;200;98;199;102;199;99;200;99;199;100;199;101;199;98;199;98;199;99;199;101;200;98;199;99;199;99;200;100;199;99;199;99;199;99;199;0
31;202;99;204;98;202;99;201;101;202;98;202;98;201;99;201;101;201;99;201;99;202;100;202;101;201;98;201;98;201;98;200;100;201;99;201;99;200;99;199;101;200;98;200;99;200;98;200;100;200;98;200;98;200;99;200;101;201;98;199;98;200;99;200;101;200;97;198;99;199;98;199;100;200;99;200;99;199;100;199;100;199;99;199;98;200;99;199;101;199;99;199;98;199;99;198;102;198;98;199;99;198;98;200;101;199;98;199;99;199;98;200;101;199;98;198;98;199;99;199;100;199;98;199;99;199;99;199;101;199;99;198;98;199;98;199;100;198;99;199;100;199;99;200;100;197;100;199;98;199;99;199;100;199;98;199;99;200;97;199;98;0
32;99;202;99;202;99;202;98;202;100;202;99;202;100;202;99;202;100;202;99;201;99;200;100;200;101;201;98;201;98;201;98;200;101;200;99;200;98;200;99;201;100;200;99;199;98;199;98;200;100;200;99;199;98;199;98;199;100;199;98;200;98;199;99;198;99;198;98;199;97;199;98;200;101;198;99;199;99;198;99;200;100;198;99;199;98;198;99;199;101;199;100;199;98;199;99;199;100;199;98;198;98;198;99;199;101;199;98;199;98;200;99;199;102;200;99;198;99;199;99;199;101;198;100;199;98;199;98;199;101;199;98;199;98;198;99;198;101;200;98;199;100;199;99;199;101;200;98;199;99;199;98;200;100;200;99;200;98;200;99;201;0
33;202;97;202;98;202;99;202;101;202;99;201;99;202;99;201;101;201;99;200;98;200;98;202;100;200;98;201;99;201;98;200;99;201;98;201;99;200;99;201;101;199;98;199;98;199;99;199;100;199;98;199;98;200;100;200;102;200;99;199;98;199;98;199;102;198;98;199;97;198;99;200;101;200;98;199;98;200;97;199;101;199;99;199;98;198;98;198;102;199;97;198;99;198;99;198;101;198;98;198;98;198;98;198;100;198;99;199;99;197;99;199;101;199;98;198;98;198;99;198;100;199;98;198;98;199;99;199;100;199;100;199;99;199;98;199;101;199;99;199;98;198;99;199;101;199;100;199;98;200;98;199;100;200;99;200;99;199;99;200;98;0
34;98;202;99;202;99;202;98;202;100;201;98;202;98;201;98;201;100;201;99;201;98;201;99;201;102;201;100;201;99;201;98;200;99;200;99;200;99;199;99;199;100;200;98;199;97;199;98;199;100;199;99;198;99;199;98;200;100;201;99;200;99;199;99;198;101;198;98;199;98;199;99;200;100;200;99;201;98;200;99;200;101;199;99;199;98;199;99;198;102;199;99;199;98;200;98;199;102;199;98;199;99;199;98;199;100;199;98;198;98;198;97;198;101;198;98;199;98;199;100;198;100;200;98;200;100;200;98;198;100;199;100;198;98;200;99;200;100;200;99;200;99;199;99;200;101;199;98;200;99;199;100;200;101;200;98;201;98;200;98;199;0
35;201;97;203;99;202;99;201;101;202;98;202;100;201;99;202;101;201;98;200;99;201;99;201;101;201;98;200;99;201;97;200;101;200;99;200;98;200;99;200;101;200;98;199;98;199;98;200;98;200;99;199;99;201;100;200;101;200;99;201;98;200;99;199;100;200;99;198;99;198;98;200;102;200;98;199;99;199;98;200;100;200;98;200;99;199;99;199;101;199;99;199;99;200;99;199;101;199;99;200;98;198;98;198;101;199;99;199;99;198;98;199;101;200;98;198;97;198;99;198;101;199;98;199;99;199;99;199;101;198;98;198;99;198;99;199;100;199;99;199;99;199;98;200;101;198;98;198;99;200;99;200;101;199;98;200;98;199;98;199;98;0
36;99;202;98;201;100;202;98;202;101;201;99;202;99;202;98;202;100;200;99;202;99;200;99;201;101;201;99;201;99;201;100;202;100;201;99;199;98;200;98;200;100;199;99;200;99;200;98;200;100;200;99;200;100;200;98;200;101;199;98;200;98;197;99;199;100;199;98;199;98;199;99;199;100;199;99;198;98;199;99;200;101;199;99;198;98;198;98;200;101;199;99;199;99;199;98;199;101;199;99;199;97;198;99;199;101;199;98;199;98;198;97;199;102;199;99;198;99;198;99;199;101;198;98;199;99;199;99;199;101;200;99;200;98;200;99;200;101;200;100;200;99;199;99;200;101;199;98;199;98;199;98;198;101;200;99;200;99;200;98;200;0
37;202;99;202;99;202;98;203;101;203;99;202;99;200;98;201;100;202;98;201;100;201;99;200;102;201;100;201;99;201;99;199;101;201;99;200;98;199;100;200;101;199;98;200;98;199;98;199;100;200;99;199;97;201;98;200;101;200;99;199;98;200;99;200;100;199;99;199;99;198;99;200;100;199;98;199;99;199;99;198;101;199;99;199;98;198;100;199;101;199;98;197;99;199;98;200;100;199;99;199;99;199;99;198;102;199;98;199;99;199;98;199;101;198;99;198;98;198;100;198;101;199;99;199;99;198;98;198;101;200;99;198;98;199;98;200;101;199;101;200;98;199;99;200;101;199;100;199;100;198;99;198;101;199;99;200;100;200;99;200;99;0
38;99;202;99;201;99;202;99;201;102;202;98;201;99;202;99;201;101;201;98;201;98;201;99;201;100;202;98;202;99;200;99;202;101;201;99;200;98;201;99;200;100;200;99;199;98;200;98;199;100;200;99;199;99;199;100;201;100;199;100;201;99;199;98;199;99;199;97;199;98;199;99;199;101;199;99;199;99;199;99;199;101;199;99;199;98;199;99;199;100;199;98;198;99;199;99;198;100;198;98;199;98;198;100;198;101;199;99;198;98;199;98;200;102;198;98;199;98;198;100;199;101;198;98;200;97;198;99;200;101;201;99;198;98;199;98;199;100;199;99;200;99;200;100;200;101;200;99;200;99;200;98;200;100;199;99;200;99;200;100;200;0
39;202;99;203;98;201;99;202;101;202;98;202;99;201;98;201;102;202;98;202;98;201;99;201;100;200;99;202;99;201;99;200;100;200;100;200;98;198;98;200;100;199;98;200;98;199;97;199;99;199;99;199;98;200;98;200;101;199;99;200;98;200;98;201;100;200;99;199;98;200;98;199;102;200;99;201;98;198;98;199;101;199;99;198;99;199;98;198;100;200;99;199;99;198;99;199;101;199;97;199;98;197;98;198;101;199;99;199;97;199;98;198;101;201;99;199;99;199;100;199;101;200;98;200;99;198;99;199;101;199;99;199;99;199;99;199;101;199;100;200;98;200;99;199;101;200;99;200;100;199;98;199;102;200;98;199;98;200;98;200;97;0
40;98;201;98;202;98;203;98;202;101;202;99;202;99;202;98;202;102;200;99;201;100;201;99;201;102;201;98;202;99;200;98;201;100;199;98;199;99;200;98;200;100;200;99;200;98;199;98;200;101;200;98;199;98;200;97;200;101;199;99;199;99;198;96;199;101;200;98;198;99;198;99;200;101;200;100;200;98;199;98;200;100;200;99;198;99;199;98;199;101;199;99;198;99;198;98;199;101;198;98;198;97;199;98;199;101;197;97;198;99;199;98;199;101;199;99;200;98;199;99;198;101;198;98;198;98;199;98;199;101;200;100;199;99;198;100;198;102;199;99;199;99;199;99;198;99;200;99;198;98;199;98;199;102;200;99;199;99;200;99;199;0
41;202;99;202;100;202;99;203;101;201;99;201;100;201;99;202;101;201;100;201;99;201;99;201;101;201;99;201;99;201;100;200;100;201;99;200;99;200;98;199;100;199;99;200;97;200;98;200;100;200;98;199;99;200;99;200;100;201;99;200;99;199;99;199;101;200;98;199;99;198;99;200;101;201;99;200;98;198;98;200;101;199;97;199;99;199;98;198;100;199;98;199;99;199;98;199;100;198;99;198;99;198;98;199;101;198;99;199;99;200;98;200;100;198;99;199;98;198;99;199;101;199;98;199;98;199;100;200;101;200;98;199;98;199;99;198;100;199;98;198;99;199;99;199;102;199;99;199;99;199;100;200;101;200;98;201;98;200;100;199;99;0
42;99;203;99;201;100;201;98;203;101;201;98;201;99;203;98;202;102;200;99;201;99;202;99;202;100;201;100;201;99;201;99;200;100;200;98;200;98;200;99;199;101;199;98;200;97;199;99;200;101;200;99;199;99;200;98;200;102;200;99;201;98;199;98;200;100;198;99;199;98;199;98;199;100;199;99;198;99;199;99;200;101;198;98;199;100;199;99;199;101;199;99;199;98;198;98;199;102;200;99;199;98;198;98;199;101;198;98;199;98;199;98;200;101;199;99;199;99;199;99;198;102;199;99;199;98;198;98;199;101;198;99;199;99;199;98;198;100;200;99;200;99;199;99;200;101;198;100;199;99;199;98;200;102;200;98;201;100;199;99;199;0
43;202;99;201;99;201;99;202;101;202;99;203;99;201;98;202;100;201;99;201;99;202;98;201;101;201;98;201;101;201;98;201;100;199;99;201;98;200;100;200;101;200;99;199;99;199;98;200;100;199;100;199;99;200;98;200;100;199;98;200;98;199;98;199;100;200;98;199;99;198;98;199;101;199;99;201;99;199;99;200;100;199;99;199;100;200;99;199;101;198;98;198;98;198;99;199;100;199;99;199;98;200;98;199;102;199;98;199;98;198;98;198;101;199;99;199;99;198;98;199;100;199;97;200;99;199;98;200;100;200;99;199;99;199;98;199;101;200;100;200;99;199;99;200;102;199;100;199;99;199;99;200;101;199;98;201;99;201;98;200;98;0
44;99;202;98;203;98;201;99;202;102;202;99;202;99;201;98;202;101;201;99;202;99;202;98;202;101;202;98;201;100;202;98;200;100;201;99;200;99;198;98;200;100;200;98;201;98;200;98;199;101;200;98;199;99;200;99;200;101;199;99;200;99;198;99;200;100;199;98;199;98;198;99;200;101;199;99;199;99;199;99;200;100;200;98;198;98;198;99;198;101;198;98;198;99;199;99;198;101;198;99;199;98;198;98;198;102;198;98;198;99;198;98;200;100;199;98;199;99;200;100;199;101;200;98;199;99;199;99;199;100;199;99;199;97;199;98;199;101;198;99;200;99;199;99;201;101;199;99;199;100;198;99;200;101;200;98;199;99;201;98;200;0
45;201;98;202;97;201;99;202;101;202;99;202;99;201;99;201;101;202;98;202;99;200;99;201;100;201;98;201;99;202;100;200;103;199;99;201;98;199;98;200;100;201;98;200;99;200;98;199;101;201;98;201;99;201;98;200;101;200;97;200;97;200;99;200;100;199;98;200;98;198;97;200;101;199;98;200;100;199;99;200;101;199;99;198;98;198;100;198;101;200;98;199;99;197;99;199;101;199;98;198;99;198;98;199;101;199;98;198;98;199;99;198;101;199;99;200;99;198;99;199;99;199;98;199;99;200;99;199;101;200;98;200;98;200;98;199;100;199;99;199;98;200;99;199;101;200;99;199;98;200;99;198;102;200;99;200;99;201;99;200;99;0
46;99;202;98;203;99;203;98;201;102;202;98;202;100;202;99;202;101;202;98;202;98;201;99;201;102;202;98;200;99;202;99;201;101;199;99;201;99;200;99;201;101;200;99;200;99;200;98;199;100;200;97;199;98;200;99;200;100;200;98;200;98;199;98;199;102;199;99;199;99;199;98;201;101;199;98;200;97;199;99;200;101;199;99;199;98;199;98;199;101;199;98;199;98;199;99;200;100;199;98;199;97;198;98;199;101;199;99;198;99;198;99;200;103;200;97;199;99;199;99;198;101;200;99;199;98;199;99;200;100;200;99;200;98;198;100;200;100;198;99;198;98;199;99;200;100;200;99;200;99;199;99;198;100;200;98;200;99;200;98;200;0
47;203;99;203;98;202;99;202;101;202;98;203;98;201;99;202;101;202;99;202;99;201;98;200;101;200;99;201;98;201;99;200;101;200;98;201;98;200;99;200;101;200;99;200;98;199;98;200;100;200;99;200;99;199;98;200;102;200;99;199;98;200;99;199;101;199;99;199;99;198;99;199;101;200;99;200;98;199;98;198;100;199;99;198;98;198;98;198;100;200;98;200;100;199;98;199;100;198;98;198;98;198;99;198;101;199;99;199;99;198;100;199;102;198;99;199;100;198;100;199;101;199;99;200;99;199;98;199;100;200;99;199;98;199;98;200;100;200;99;199;99;200;98;200;101;199;100;200;99;199;98;200;102;202;98;200;99;201;99;200;98;0
48;98;202;100;200;98;201;98;203;100;202;100;203;98;203;98;201;102;201;99;201;99;202;99;200;101;202;98;202;99;201;98;201;101;201;99;200;98;200;99;199;100;199;98;200;98;200;99;199;101;199;98;199;99;200;99;199;101;201;98;199;98;199;97;198;101;198;98;198;98;199;99;200;101;199;99;200;99;199;99;200;101;199;98;198;98;198;99;199;101;199;99;200;100;198;100;200;102;200;98;198;98;199;99;199;100;199;99;199;98;200;99;201;101;198;98;200;98;199;99;199;101;199;99;200;98;200;99;200;102;200;98;199;99;199;98;199;101;198;98;199;98;198;99;200;102;199;99;199;99;200;99;200;100;200;99;201;99;200;98;200;0
49;202;97;202;99;202;99;202;100;202;99;202;98;201;98;201;100;201;100;201;98;201;98;202;101;201;99;200;99;201;98;200;100;200;99;200;98;200;98;200;101;200;98;200;99;199;98;201;100;199;100;200;98;200;100;200;100;200;99;200;98;199;98;199;101;200;98;200;99;199;99;200;101;200;100;200;98;200;99;200;101;199;99;199;99;199;98;200;100;197;99;200;99;199;99;199;100;200;99;199;99;198;99;198;101;199;98;200;99;199;98;198;101;199;99;198;98;198;99;198;99;199;99;199;99;199;98;199;101;199;100;199;99;199;99;200;101;199;99;200;98;200;99;199;101;199;99;200;98;198;99;199;101;200;99;200;99;199;99;200;98;0
50;99;202;98;202;98;202;99;201;101;203;100;203;99;201;98;201;101;202;98;201;99;202;99;202;101;201;99;202;99;200;99;200;100;200;99;200;98;198;100;200;100;200;98;201;99;199;98;199;100;199;99;199;99;200;99;200;100;199;98;200;98;199;99;200;100;200;98;199;98;200;99;200;101;200;100;200;98;199;99;199;101;200;100;199;98;199;99;199;101;199;100;200;98;199;98;200;101;198;98;199;98;198;99;199;101;199;99;199;99;200;98;199;101;199;98;200;99;199;99;199;101;199;97;200;98;199;99;199;102;199;99;199;99;199;98;199;101;200;99;200;98;201;100;201;101;199;99;200;100;199;99;200;101;199;97;200;99;200;98;201;0
51;202;98;202;100;202;98;202;101;202;99;201;99;203;98;202;102;202;98;202;99;201;99;201;102;201;98;201;99;201;99;200;101;200;98;200;97;200;99;200;100;199;99;200;98;199;98;200;100;199;99;200;99;201;99;200;100;200;98;199;98;198;98;200;100;200;98;199;99;199;99;201;101;200;99;200;98;200;99;199;100;200;100;199;99;199;98;200;101;198;98;199;99;199;99;198;100;199;98;199;98;198;99;198;101;199;99;199;99;199;99;199;101;199;98;198;99;200;98;199;100;198;98;199;99;199;98;199;100;199;99;199;100;199;98;200;102;199;99;201;97;201;100;198;102;201;100;200;100;200;99;200;101;201;98;200;98;200;98;201;97;0
52;99;202;98;202;98;202;98;202;100;202;99;203;99;202;98;202;101;200;99;200;100;201;99;201;100;201;98;201;99;201;98;200;101;200;98;199;99;200;99;200;101;199;99;199;99;199;98;200;99;200;100;200;99;200;99;201;101;201;100;199;99;199;98;200;102;199;99;200;98;199;98;199;101;200;98;200;98;199;98;200;100;199;98;199;98;198;99;198;100;198;100;200;100;200;97;198;101;199;99;199;99;198;99;198;101;198;99;199;99;199;98;200;100;198;98;199;98;198;98;199;101;198;99;200;99;199;99;200;99;200;100;199;99;198;99;199;100;201;99;200;99;201;100;199;100;199;100;199;98;200;99;199;101;201;97;199;98;200;99;201;0
53;202;99;202;98;202;100;202;100;203;99;202;99;202;98;202;101;202;100;201;99;202;99;201;101;201;98;202;99;201;98;201;99;200;99;200;98;200;98;200;101;201;97;199;98;200;98;199;101;199;99;200;99;201;99;200;101;201;98;199;99;200;99;199;101;200;98;199;100;198;98;200;102;200;100;199;99;201;98;200;100;199;99;199;99;199;100;199;101;200;99;200;99;199;100;199;100;199;99;198;99;198;99;198;101;199;98;199;99;199;98;198;101;199;98;200;100;198;99;198;101;200;98;198;98;199;97;197;101;200;99;199;98;199;99;199;101;200;98;199;100;200;99;200;102;200;99;199;99;198;98;199;101;200;99;200;99;200;99;201;99;0
54;99;202;98;202;99;202;98;202;101;202;99;202;100;203;98;203;101;202;99;202;98;202;99;201;101;202;99;202;99;202;98;201;101;201;97;200;98;200;99;200;100;200;99;200;97;199;98;199;100;200;99;200;99;199;98;200;101;200;98;199;98;198;98;199;101;199;99;200;98;200;99;199;101;199;98;200;99;199;99;200;100;199;100;199;98;199;99;198;100;200;99;199;98;200;98;199;100;200;99;199;99;198;98;200;100;199;99;199;98;199;97;200;101;200;98;198;99;200;99;199;101;200;98;198;98;199;99;199;102;199;98;199;100;198;99;199;102;199;99;199;100;200;99;200;102;200;99;200;100;200;99;200;101;201;97;201;99;200;98;200;0
55;202;98;202;98;202;99;201;101;202;99;202;99;202;99;202;102;201;98;202;98;202;99;202;100;201;99;202;99;202;99;200;100;201;98;201;98;200;99;201;100;200;98;201;98;200;99;199;100;200;99;199;98;200;99;200;101;200;98;200;100;200;99;200;101;200;100;199;98;200;99;199;101;200;99;200;99;200;99;201;101;199;98;199;98;200;99;199;100;200;98;199;99;198;99;199;101;200;99;200;100;198;99;199;101;199;100;199;99;200;100;198;100;199;99;200;99;199;98;200;101;198;99;199;98;200;99;199;102;199;98;199;99;200;99;199;100;200;98;200;99;199;99;201;101;200;99;200;98;200;98;198;100;201;99;199;99;200;98;200;97;0
56;99;203;100;202;98;201;98;202;102;201;99;202;100;202;98;200;102;202;99;201;99;201;99;201;101;201;99;202;99;201;98;201;100;200;98;201;99;200;98;201;100;200;98;200;97;200;98;199;100;200;99;199;99;199;98;201;101;200;99;200;99;200;99;200;100;199;98;200;98;199;98;199;100;200;99;201;98;199;98;201;101;199;97;198;99;200;98;199;101;198;98;199;99;199;99;199;99;200;99;199;99;198;99;200;101;199;99;198;99;198;98;199;101;199;99;199;98;198;99;198;101;199;98;199;98;199;98;200;102;200;99;199;100;200;98;199;101;199;98;199;99;200;99;201;101;201;99;200;98;199;100;199;101;201;97;201;98;200;98;200;0
57;201;98;202;98;201;98;202;101;202;100;202;100;201;99;201;100;202;99;201;100;201;99;201;101;202;99;201;99;200;98;201;101;200;98;200;97;200;98;200;100;201;98;200;99;200;98;200;101;201;100;199;100;200;99;201;101;200;99;201;98;199;98;200;100;199;98;199;99;200;99;198;101;201;99;199;99;200;98;200;100;200;99;200;99;199;99;200;102;200;99;199;98;200;99;200;100;198;99;199;99;198;99;199;101;198;98;199;99;199;98;198;101;199;99;200;98;199;99;199;100;198;100;198;98;200;98;200;100;200;99;199;98;199;99;198;100;199;99;200;99;199;101;199;102;199;99;200;98;199;99;200;101;199;98;201;99;200;98;201;100;0
58;98;202;99;202;99;202;99;202;100;202;99;202;99;203;99;202;101;202;99;201;100;201;98;201;101;201;97;201;99;201;98;201;101;201;99;199;100;201;99;200;99;200;98;200;100;199;99;199;101;200;99;201;99;199;97;200;101;200;98;200;99;198;99;199;101;200;99;199;97;200;98;202;101;199;100;199;98;199;98;200;100;200;99;199;100;199;99;198;99;199;99;199;98;200;98;199;101;200;98;198;100;200;99;199;101;199;98;200;99;200;97;199;101;199;98;198;99;199;99;200;101;198;99;199;98;199;99;200;100;200;98;200;97;198;98;199;100;199;99;198;99;199;98;200;101;200;100;199;97;200;100;201;100;200;98;200;97;200;99;200;0
59;203;99;202;99;202;99;201;101;202;99;202;99;202;98;203;100;202;99;201;98;202;98;201;101;200;99;201;98;201;99;201;101;200;99;201;97;200;99;201;101;200;98;200;98;201;99;199;100;200;99;201;100;201;98;201;100;200;98;201;97;200;98;201;101;200;99;198;99;198;98;201;101;202;99;199;100;199;98;199;101;199;98;200;99;199;97;200;100;199;98;200;99;200;98;200;101;199;98;199;99;199;99;199;102;199;98;198;98;199;99;200;101;199;98;199;99;198;99;199;100;200;100;200;98;200;99;199;101;199;99;199;98;199;97;199;100;200;99;199;99;200;98;201;101;200;98;201;99;199;99;198;101;200;98;200;99;200;98;201;98;0
60;98;204;98;203;98;202;98;202;101;202;100;203;98;202;99;202;101;201;98;200;99;202;99;202;101;201;98;201;98;200;99;202;100;200;99;200;98;201;100;200;101;200;99;200;98;200;99;199;101;199;98;199;99;200;97;201;101;200;99;200;98;199;98;199;101;199;99;200;98;199;98;199;101;199;99;199;98;200;99;199;102;200;100;199;100;199;99;199;101;198;98;200;98;199;98;199;102;199;99;198;98;199;100;200;101;199;99;199;97;199;98;199;101;200;99;199;99;198;99;199;100;199;99;198;100;199;99;199;100;199;99;199;97;199;98;199;101;201;100;198;99;200;98;200;101;199;99;199;99;199;99;200;102;201;98;200;99;201;98;200;0
61;202;99;202;99;201;99;202;101;202;99;202;98;202;98;202;100;203;98;202;98;202;98;201;100;202;98;201;99;201;98;200;101;201;98;201;99;200;99;200;101;200;98;200;97;199;98;200;100;200;99;199;99;201;99;201;101;201;99;200;98;200;98;199;101;200;98;199;100;201;99;200;101;200;98;199;99;199;98;200;100;199;98;200;99;199;98;199;102;200;99;200;99;201;98;199;101;200;98;198;99;198;98;199;99;199;98;200;98;200;98;200;101;199;98;200;99;200;99;199;100;199;99;199;97;200;98;199;100;199;99;200;99;199;98;198;100;200;99;200;98;202;99;199;101;199;99;199;98;200;99;200;100;200;99;199;98;200;99;201;98;0
62;98;202;99;201;99;203;99;203;101;203;99;202;98;202;99;202;100;202;99;201;99;202;98;201;101;202;100;202;99;201;99;200;100;201;99;200;99;200;99;200;100;200;99;200;99;200;99;200;101;200;98;200;98;201;98;200;101;200;99;199;99;199;98;200;100;199;98;199;97;198;98;200;100;199;99;200;98;198;101;201;101;200;98;199;98;198;99;200;100;199;99;200;99;200;99;200;101;199;99;199;98;198;98;199;100;199;99;200;98;200;100;200;101;199;98;200;99;199;98;199;102;199;98;200;97;199;98;201;100;200;99;200;99;200;98;200;101;199;99;200;99;200;99;200;102;200;99;200;99;200;99;201;100;200;99;201;99;200;99;201;0
63;202;98;202;99;202;98;202;100;202;98;203;99;201;98;202;101;202;99;201;99;202;100;201;101;201;99;201;99;202;98;201;100;201;99;201;97;200;99;200;101;200;99;200;97;201;99;199;100;200;99;200;98;200;98;200;100;199;98;200;98;200;97;200;101;200;98;200;100;198;99;200;101;200;99;200;98;200;98;200;100;199;99;198;100;198;99;198;99;199;99;200;98;199;99;199;100;200;99;199;99;199;98;198;101;200;98;199;99;199;100;200;101;199;99;198;99;199;100;198;101;200;98;200;98;198;98;199;101;200;99;200;99;200;99;200;101;200;99;199;98;200;99;200;101;199;98;200;99;200;98;200;101;201;99;200;99;201;99;202;98;0
64;100;202;98;202;99;202;98;202;101;201;98;203;100;201;99;202;101;202;98;203;98;201;99;202;100;201;98;202;99;202;98;201;101;200;99;200;98;200;100;199;100;200;98;200;97;199;98;199;100;200;100;199;97;200;100;200;102;201;99;201;98;199;97;200;100;199;98;200;98;199;99;200;101;200;99;201;99;199;99;200;102;199;99;199;98;198;99;200;100;199;99;199;100;199;99;200;101;199;99;199;98;198;99;200;102;199;99;200;99;200;99;201;102;200;99;198;98;200;99;200;101;199;97;200;98;200;98;199;101;200;98;200;99;200;99;199;100;199;98;200;100;200;99;200;101;200;99;200;98;199;100;200;100;201;97;200;99;200;98;201;0
65;202;98;202;98;203;98;202;103;202;100;202;99;202;97;202;100;202;99;202;98;203;97;202;100;201;99;201;99;200;98;201;100;201;99;200;98;200;98;200;100;200;98;200;99;200;99;201;101;201;98;200;100;201;99;200;101;200;99;201;97;200;99;199;100;200;99;200;99;200;99;201;101;201;99;198;97;199;99;200;100;199;98;199;99;199;98;200;100;199;98;199;99;199;98;200;100;200;97;200;99;200;100;199;101;200;99;200;98;200;98;199;100;198;99;199;97;200;98;198;100;200;100;200;99;199;97;201;102;199;100;199;99;200;100;199;101;200;99;200;100;200;98;200;102;200;99;201;99;200;100;201;100;201;98;200;98;201;99;201;98;0
66;100;203;99;203;99;203;98;201;101;202;99;203;99;203;99;202;102;202;99;203;99;201;99;202;101;202;99;202;100;201;98;200;100;201;98;200;97;200;99;201;101;200;97;200;98;200;98;200;101;201;98;200;100;200;98;201;101;200;99;201;98;200;98;199;99;199;98;200;98;200;99;200;101;200;97;200;98;200;98;201;102;199;97;199;98;199;99;199;101;199;98;200;99;199;99;199;101;200;99;200;99;200;97;199;100;199;99;200;98;199;99;200;102;200;99;200;99;200;99;201;102;199;97;199;99;199;99;200;101;200;98;199;98;200;98;199;100;200;98;200;98;200;99;200;101;199;99;200;98;200;99;200;100;200;99;200;98;200;99;200;0
67;203;99;203;99;203;99;201;101;202;99;203;98;202;100;202;101;201;99;202;98;202;98;202;100;202;99;202;99;202;99;202;101;201;99;201;98;200;98;200;101;201;99;202;99;200;99;200;101;199;98;200;98;200;98;200;100;200;99;200;99;200;98;199;100;200;98;199;98;200;99;200;101;200;98;201;99;200;98;199;102;199;98;200;98;199;99;200;102;200;99;200;99;199;99;199;102;200;100;199;98;199;98;198;101;200;99;199;99;199;99;199;100;198;98;199;99;199;98;199;100;200;99;200;98;199;99;200;100;201;99;199;98;199;98;200;101;199;99;199;98;199;99;199;102;200;99;200;99;200;98;200;102;200;98;200;99;200;99;201;98;0
68;98;203;100;202;99;202;98;202;101;202;99;202;100;202;98;201;100;202;99;201;98;202;100;202;100;201;98;200;99;202;99;201;100;201;99;201;98;201;98;201;102;200;98;200;98;201;98;199;101;200;98;201;99;200;99;201;101;201;99;200;98;200;100;199;100;199;98;199;99;199;98;200;101;200;98;200;99;199;99;198;101;200;99;199;98;198;99;199;101;200;100;199;99;200;98;199;100;199;98;200;99;199;98;199;102;200;99;199;98;200;99;199;100;199;99;199;97;200;99;199;102;199;99;200;99;200;99;200;101;199;98;198;98;199;99;199;100;199;98;200;100;200;100;200;101;200;99;200;99;199;100;200;100;200;98;200;99;200;99;200;0
69;202;98;202;98;203;99;202;101;201;98;202;98;202;99;201;99;202;99;201;99;203;99;201;100;200;99;202;99;201;98;200;100;199;99;200;98;200;97;201;101;200;98;200;99;200;98;199;101;200;99;200;100;201;98;201;101;200;99;200;98;199;98;199;101;200;99;200;98;200;99;200;100;200;99;201;98;200;99;200;100;200;98;199;99;199;100;199;100;199;99;199;99;201;98;200;102;201;99;199;97;199;98;200;101;200;98;199;99;199;99;199;101;200;98;200;98;198;99;199;100;199;98;200;100;198;98;199;100;201;99;200;99;200;99;200;101;200;99;199;98;201;99;201;100;200;98;199;99;200;98;201;102;202;99;200;99;200;100;201;99;0
70;100;203;100;203;100;202;98;201;101;203;99;202;99;202;99;202;101;201;100;202;99;203;99;202;101;201;99;202;98;202;98;201;100;200;99;201;98;201;99;201;102;199;98;199;98;200;98;202;100;200;99;200;98;201;99;200;100;200;96;200;98;200;97;199;100;199;98;200;99;200;98;200;101;200;98;200;99;199;99;200;100;200;99;200;98;199;98;200;101;199;98;200;98;199;98;199;101;199;97;199;97;199;98;198;101;200;99;199;98;202;98;199;100;200;98;199;98;199;99;200;100;199;99;200;98;200;99;201;101;201;99;200;96;200;98;198;101;199;98;199;99;200;99;200;101;199;98;200;98;200;98;201;101;201;98;200;99;201;100;200;0
71;202;99;202;99;202;98;201;102;201;99;203;98;202;98;202;101;201;99;202;99;201;98;202;100;201;99;201;98;202;98;200;101;200;99;201;99;201;98;201;100;201;100;200;98;201;98;201;101;201;99;199;100;200;98;200;101;201;99;201;99;200;98;200;100;200;98;200;98;199;98;200;101;201;99;200;99;199;99;200;102;201;99;201;98;199;98;201;101;199;99;200;99;200;98;200;100;200;99;200;99;198;98;198;101;199;98;200;98;200;99;200;100;199;99;199;99;199;98;199;101;200;98;199;98;201;99;200;101;199;99;199;99;200;99;200;101;199;99;200;98;201;99;199;101;200;100;200;99;200;99;200;101;201;99;202;99;201;98;201;100;0
72;99;202;100;203;99;201;98;201;101;202;99;202;98;202;97;202;101;202;100;202;98;202;99;202;101;201;98;202;99;202;100;201;101;201;98;200;98;202;99;200;100;200;98;201;97;199;98;199;101;200;99;200;99;201;99;202;100;200;98;200;98;200;98;200;100;199;100;200;99;200;99;201;101;200;99;200;99;200;99;201;100;199;99;200;99;199;99;200;100;199;99;200;99;199;98;200;100;199;98;200;98;198;98;200;101;199;99;199;98;200;98;200;102;199;98;200;99;199;99;198;101;199;99;200;98;200;98;200;100;201;98;199;99;200;99;200;102;199;99;200;98;200;98;199;101;199;99;199;99;200;99;201;100;200;100;200;99;200;98;201;0
73;201;99;203;98;203;99;202;101;201;98;203;100;202;99;202;102;202;99;203;98;202;100;201;101;201;98;202;98;201;97;202;100;200;99;201;99;201;99;201;101;200;98;201;99;200;98;201;99;200;98;200;99;201;98;201;101;201;99;201;99;200;99;199;100;201;98;200;98;200;99;200;100;201;98;201;98;200;98;200;101;199;98;199;99;199;99;199;101;201;99;200;99;200;98;200;100;200;99;199;98;199;99;198;101;199;99;199;100;200;98;200;101;199;98;201;98;199;99;199;101;199;98;199;98;200;100;200;100;201;99;199;99;199;97;200;100;200;100;200;99;201;98;200;100;200;99;200;98;199;98;201;101;202;97;201;99;200;100;201;98;0
74;99;203;99;202;99;202;99;202;101;202;98;202;99;202;100;201;101;201;99;203;98;202;99;202;102;202;98;201;99;202;98;201;101;201;98;201;98;200;99;200;100;200;98;200;98;200;99;199;100;200;98;198;98;201;98;201;101;200;99;200;98;200;98;200;100;200;98;199;99;200;99;201;101;199;97;201;99;200;99;201;101;199;98;199;98;200;100;199;101;199;98;200;98;199;98;200;101;200;99;200;98;200;99;200;102;200;99;200;99;199;99;199;101;200;99;200;99;199;99;200;101;199;99;200;99;200;100;200;101;200;98;200;98;200;99;199;101;200;99;200;99;200;99;200;101;201;99;201;99;201;99;202;101;199;98;200;99;201;98;201;0
75;202;99;202;100;202;99;202;100;203;99;203;99;202;99;202;101;202;98;203;99;202;98;201;102;201;99;202;98;202;98;200;101;200;99;201;100;200;100;201;101;201;98;200;98;200;97;200;99;200;99;200;99;200;99;201;102;200;99;200;98;200;97;199;100;201;98;200;100;201;98;200;100;201;99;200;98;199;98;200;100;200;99;200;99;198;100;200;101;200;99;200;99;200;99;199;101;200;98;199;99;199;98;200;102;200;98;199;100;199;99;199;101;200;99;200;100;199;99;199;101;200;99;200;98;199;99;200;101;201;99;201;99;200;99;199;100;201;98;200;100;200;100;200;100;200;100;200;97;200;99;200;101;201;99;200;99;201;99;201;98;0
76;100;204;99;202;98;202;100;202;102;202;98;202;100;202;99;202;102;202;100;202;98;202;100;201;102;203;99;203;99;202;100;201;101;201;99;201;99;200;98;201;101;202;98;201;99;200;98;201;100;201;100;201;99;200;100;201;100;200;100;200;98;199;98;200;101;199;98;200;98;199;98;201;101;200;100;200;99;199;99;200;101;200;99;200;98;200;98;200;100;199;98;200;99;200;98;200;101;199;98;199;99;200;98;199;101;200;99;200;98;199;99;200;101;200;97;200;97;198;99;200;101;200;98;200;99;200;99;200;100;200;99;200;98;200;100;199;101;200;98;201;99;200;99;199;101;200;99;200;99;201;98;201;101;201;100;202;100;201;98;200;0
77;203;99;203;100;203;99;202;102;201;100;201;99;201;99;202;101;202;99;204;98;201;100;201;101;202;99;202;100;202;99;201;101;200;99;201;98;200;99;201;100;202;98;200;98;200;98;200;101;201;98;201;98;200;98;202;100;201;99;200;100;201;99;200;100;201;98;200;98;200;98;200;102;200;100;200;99;200;99;201;102;200;99;200;99;200;98;200;101;199;98;200;98;200;99;200;101;201;99;199;98;200;99;198;102;200;99;200;99;200;99;200;100;199;99;199;99;199;99;199;101;200;100;198;99;200;99;200;101;202;99;200;100;198;99;200;100;200;99;200;99;200;98;200;101;201;99;200;99;200;100;200;100;200;99;200;98;201;100;200;98;0
78;100;202;98;202;99;203;98;202;101;202;99;202;99;204;99;202;100;202;100;201;99;202;99;201;100;201;98;201;98;202;98;201;100;201;98;200;98;201;99;199;100;201;98;201;99;200;98;200;101;202;99;201;100;201;99;201;101;201;99;201;98;200;98;199;100;199;99;200;97;200;98;201;102;201;99;201;99;200;98;201;101;199;98;199;99;199;99;200;101;200;99;200;98;199;98;199;100;199;98;199;98;200;98;199;102;200;99;200;99;199;99;201;100;200;99;200;99;201;100;200;101;200;98;200;99;201;99;201;100;200;98;199;100;200;99;201;102;200;99;200;98;201;100;201;101;200;99;199;98;200;98;199;101;200;100;202;97;201;98;201;0
79;203;100;202;98;203;98;202;101;202;100;203;99;202;99;202;100;202;99;202;99;202;99;202;100;202;98;202;98;202;98;200;101;202;100;201;98;201;98;200;100;201;98;200;99;200;98;201;100;200;99;200;98;200;99;201;101;201;99;200;98;200;97;200;100;200;98;200;99;201;98;201;102;201;99;200;99;201;98;200;101;199;99;201;98;200;99;200;100;200;99;201;98;199;98;201;100;199;99;200;99;200;99;200;101;200;97;199;99;200;99;200;101;200;99;199;99;199;100;200;100;200;98;199;98;200;98;200;101;200;100;201;99;199;99;200;100;200;100;200;98;201;99;200;101;202;99;200;98;199;99;201;102;202;98;201;99;200;98;202;97;0
80;99;203;99;203;100;203;99;203;101;203;99;202;100;203;98;204;100;202;98;202;98;202;99;202;101;202;99;202;99;202;98;201;99;202;97;201;99;202;98;201;100;200;98;200;98;201;99;200;100;200;98;200;98;199;98;201;100;201;99;201;98;198;99;199;101;201;98;199;99;200;99;200;101;200;99;200;99;200;99;200;100;200;99;200;98;199;99;200;101;200;99;200;99;200;98;200;100;199;98;200;100;199;99;200;101;199;98;200;98;199;98;199;101;200;99;199;98;200;100;200;102;200;98;201;100;200;98;201;100;200;99;199;99;200;99;200;102;200;99;200;99;200;100;201;100;201;100;199;99;201;99;201;101;201;99;200;100;202;100;201;0
81;203;99;204;99;202;98;202;101;202;99;203;98;202;100;202;101;203;99;202;100;201;98;202;100;203;98;203;99;202;98;201;100;201;99;201;99;201;98;201;100;202;97;200;98;201;98;200;101;199;99;201;99;202;99;201;100;200;98;201;100;199;99;200;101;200;99;199;99;201;99;201;101;202;98;200;99;200;100;200;100;200;99;200;98;200;99;200;100;200;98;200;99;200;98;200;101;200;98;200;99;199;98;198;101;200;98;199;98;199;100;199;101;198;99;201;98;199;99;200;100;201;98;200;98;200;99;200;102;201;98;200;99;200;99;200;100;200;98;199;100;200;98;200;101;200;99;201;99;200;99;201;102;201;98;200;97;201;98;202;100;0
82;99;203;99;202;99;203;98;202;101;203;99;202;98;202;99;202;101;202;99;201;98;202;99;202;100;202;98;202;100;201;97;201;100;200;99;200;98;201;99;202;99;199;98;200;98;200;98;201;100;201;99;200;98;201;98;201;100;201;98;200;97;200;99;200;100;200;98;200;99;200;98;199;101;201;99;200;99;201;99;200;102;202;99;200;99;200;100;200;102;199;99;200;98;200;98;201;102;200;98;199;98;200;99;201;102;199;98;201;99;200;99;201;101;199;98;201;99;201;98;200;101;199;100;200;99;201;99;200;101;200;98;200;99;199;98;199;102;199;100;199;99;200;100;201;101;200;98;200;98;200;97;202;100;200;99;200;98;201;99;201;0
83;202;99;203;98;202;99;202;99;202;99;203;98;201;99;202;101;202;99;201;99;202;98;202;102;202;99;202;99;202;100;202;101;201;99;202;98;200;99;201;100;201;99;200;98;201;98;200;101;201;99;201;98;201;99;202;101;201;99;201;98;201;98;201;101;199;98;200;98;199;98;200;101;201;99;200;97;200;100;201;100;200;100;200;98;201;98;200;103;201;98;200;99;199;98;201;101;200;99;200;100;199;99;201;100;200;99;200;100;199;99;200;101;200;98;199;98;200;99;199;100;200;98;200;100;199;98;201;101;201;98;201;99;201;100;201;102;199;98;200;98;201;100;200;102;200;100;201;101;200;99;201;101;200;99;202;99;201;98;201;98;0
84;99;204;99;203;99;203;99;201;101;202;98;203;99;204;98;201;100;203;99;203;98;203;98;203;100;202;99;201;99;202;98;202;100;201;99;201;99;201;98;200;100;201;98;200;98;199;98;201;101;200;98;201;99;200;99;201;100;200;97;201;98;200;98;200;100;200;99;199;99;200;99;201;101;201;98;200;99;200;98;200;102;200;97;199;98;199;99;199;102;200;99;199;100;202;100;200;101;200;98;201;98;198;99;200;101;201;98;200;98;199;98;201;99;200;98;200;98;201;100;199;100;200;99;200;98;200;99;200;102;200;101;199;99;200;99;200;101;200;98;201;99;200;100;200;100;201;100;200;98;200;99;200;102;201;99;201;98;201;99;201;0
85;202;100;203;98;203;99;203;101;203;98;203;99;202;98;203;100;202;99;203;99;203;98;201;100;201;99;202;98;202;98;200;101;201;99;201;99;200;99;201;102;202;98;201;99;200;97;200;100;201;99;201;97;202;100;201;101;201;99;201;99;200;98;200;100;200;98;200;98;199;99;200;101;201;99;200;99;201;99;201;101;199;99;200;100;199;98;200;101;199;98;201;99;200;99;200;101;200;98;200;99;199;98;199;102;200;98;199;98;201;99;200;101;200;99;200;99;200;99;200;102;199;99;199;99;201;99;201;101;200;100;201;98;200;100;201;102;200;98;201;98;201;99;201;101;200;99;200;99;200;98;201;103;201;98;202;98;200;99;201;98;0
86;99;202;99;204;99;202;99;203;101;201;99;202;98;202;100;203;101;202;99;202;99;203;98;202;100;202;99;202;98;201;98;201;100;201;99;201;98;200;98;201;100;199;99;200;100;200;97;200;101;201;98;201;100;201;99;202;101;201;98;201;98;199;97;200;101;200;99;199;99;200;100;201;100;200;99;200;99;200;98;201;101;200;100;200;99;200;99;200;102;201;99;201;99;200;98;201;102;200;99;200;98;200;98;200;100;200;99;199;99;200;100;200;101;200;100;201;98;200;98;202;101;200;99;201;100;200;97;200;100;201;98;200;99;200;99;200;100;200;100;199;99;200;99;199;100;199;97;200;98;201;98;200;101;201;98;199;99;201;98;201;0
87;203;99;203;98;203;99;203;101;203;100;202;99;203;99;202;101;203;99;203;98;202;100;202;101;201;99;203;100;202;98;201;100;201;100;202;98;201;98;201;101;201;99;200;99;200;98;200;100;202;97;201;98;201;99;202;100;201;97;202;100;200;98;201;100;199;98;200;99;200;98;201;101;200;98;199;100;200;99;200;101;200;99;201;98;200;99;200;102;200;99;201;99;200;100;200;101;200;99;200;99;199;99;200;102;200;97;200;98;201;99;199;102;200;99;200;98;200;100;200;102;200;98;201;98;200;99;201;101;199;100;200;99;200;97;201;100;201;99;200;99;201;98;201;101;201;100;201;100;201;97;202;101;201;99;201;99;201;98;202;98;0
88;98;203;100;202;98;203;99;202;101;202;98;202;100;202;98;202;100;203;99;202;98;202;98;202;101;202;97;203;99;202;99;202;101;201;99;201;98;202;98;201;99;200;99;200;99;200;97;200;100;201;99;201;99;202;98;202;100;200;99;200;100;199;99;201;100;200;98;200;98;202;99;200;101;200;99;201;99;201;97;199;100;201;98;199;99;200;99;200;100;200;100;200;99;200;99;201;101;201;98;200;99;199;99;200;103;199;98;199;99;199;99;201;101;200;99;201;98;199;98;200;101;201;98;201;98;200;99;201;101;199;100;200;98;200;99;201;101;201;99;201;98;201;100;200;101;200;99;200;98;200;99;200;101;200;99;201;99;201;98;202;0
89;203;98;202;100;203;99;202;100;203;98;203;99;204;98;203;100;203;100;203;99;202;99;202;100;202;98;202;98;202;98;202;101;200;99;202;99;201;98;201;101;201;98;200;99;200;98;201;100;201;99;201;98;201;98;201;101;201;99;201;97;200;99;200;100;202;99;200;99;198;99;201;100;201;100;200;99;200;99;199;100;200;99;201;98;200;98;200;100;200;98;200;99;201;98;200;101;201;99;200;98;200;98;199;101;200;98;201;98;200;100;201;101;200;99;200;99;201;99;200;101;199;98;200;98;200;98;200;100;199;99;200;100;200;99;201;101;200;98;201;98;201;97;200;101;201;100;201;98;200;100;200;102;200;98;201;98;200;98;201;99;0
90;99;203;99;203;99;202;98;203;100;203;98;202;99;204;100;202;102;203;99;203;100;202;100;203;100;202;100;201;100;203;99;202;101;202;99;200;98;201;99;202;101;202;97;202;98;200;98;201;101;201;99;200;99;201;99;202;100;200;98;202;100;199;98;200;100;201;99;200;97;200;98;200;101;201;100;200;98;201;99;200;100;201;98;200;99;200;99;199;100;199;99;200;99;201;99;201;102;200;99;201;98;201;100;200;100;200;98;199;100;200;99;200;101;200;99;200;99;200;99;199;101;200;98;200;99;200;98;200;100;201;99;201;99;201;99;200;101;201;98;200;99;201;99;201;102;200;99;200;98;200;99;201;100;200;98;201;98;201;98;200;0
91;202;98;202;99;201;99;203;101;203;99;203;99;202;98;203;100;204;101;203;99;203;98;202;101;203;98;202;99;202;98;201;101;202;99;200;98;201;99;201;101;201;99;200;98;201;99;201;100;201;98;201;98;200;99;200;101;202;99;200;99;201;98;201;100;201;100;201;99;200;99;200;101;200;100;200;99;202;100;200;100;200;98;200;99;199;98;199;100;200;98;200;99;201;99;201;102;200;99;201;99;199;98;199;100;201;100;200;99;201;99;200;100;200;99;201;98;199;98;201;102;200;99;201;98;200;99;201;102;200;99;201;99;200;99;199;100;202;98;200;98;202;99;202;101;201;100;200;97;200;99;201;101;201;99;200;99;201;99;201;99;0
92;98;203;97;203;101;203;100;202;100;202;99;203;99;203;99;202;102;203;98;203;98;202;98;202;101;202;99;202;99;203;98;201;100;201;99;201;97;200;98;202;100;202;98;202;99;200;100;201;101;201;100;201;98;200;99;201;101;200;99;202;98;202;99;200;101;200;98;199;99;200;99;200;101;201;99;201;99;201;98;201;102;201;99;201;98;200;99;200;101;200;99;200;98;200;99;200;101;200;99;200;99;200;99;201;101;200;100;199;99;200;98;201;101;199;98;199;99;201;99;199;101;200;99;200;98;201;98;201;101;200;99;200;98;200;99;199;101;200;99;202;98;200;98;202;101;200;99;200;99;200;99;200;100;201;99;202;98;200;99;202;0
93;204;99;203;99;202;99;203;100;203;99;203;99;202;99;202;102;203;100;203;97;203;98;200;101;202;99;203;100;203;98;201;101;202;98;201;99;202;98;202;101;201;99;201;99;201;98;201;101;202;99;201;99;201;99;202;101;201;98;200;98;200;98;200;101;200;98;199;98;199;98;201;101;201;99;201;99;200;99;200;102;200;97;201;97;199;99;201;102;200;98;201;99;200;99;201;100;200;101;199;99;201;99;201;101;200;100;201;99;199;99;200;101;199;99;200;99;200;99;200;99;201;99;200;98;200;98;200;101;200;99;200;100;201;99;200;101;200;99;201;99;200;98;202;101;200;99;200;99;201;99;201;100;202;100;201;99;200;97;201;99;0
94;99;204;97;204;98;203;100;202;102;203;100;203;99;203;99;203;102;203;100;203;99;201;98;203;100;202;98;202;99;204;99;202;100;200;100;201;98;202;99;202;100;200;99;201;100;201;98;201;102;201;100;201;98;201;99;202;100;200;99;201;98;201;98;200;100;199;99;201;99;201;99;201;101;202;99;200;98;201;99;201;101;201;99;200;99;201;99;201;101;200;99;200;98;200;98;200;100;201;98;200;99;200;99;200;102;200;99;200;98;199;100;200;102;200;99;200;98;200;99;200;101;199;99;200;99;201;99;201;102;202;99;201;98;200;98;200;102;201;99;201;98;201;99;200;102;202;98;202;98;201;98;201;101;202;99;202;99;200;99;202;0
95;202;99;204;99;204;99;204;101;203;99;203;99;203;100;203;102;201;98;203;98;204;98;202;102;201;99;202;98;202;99;201;100;202;98;202;98;202;98;201;100;201;98;202;98;200;100;201;100;201;99;200;99;201;98;202;102;202;100;201;99;200;99;201;101;200;100;199;99;200;98;201;101;200;98;200;100;200;98;200;100;200;98;201;99;200;99;200;102;202;100;200;98;199;99;201;101;199;98;200;98;200;98;200;101;201;99;201;97;201;98;199;101;201;98;201;98;200;98;199;100;200;98;200;99;199;97;200;101;201;99;201;99;201;98;200;101;201;98;200;99;201;99;200;101;201;100;202;98;199;99;200;100;202;98;202;98;201;99;202;98;0
96;98;204;98;203;98;203;98;203;101;204;99;204;99;204;98;202;101;202;98;202;98;202;98;202;101;201;99;202;99;202;99;202;101;201;99;200;99;201;99;201;100;201;99;202;99;201;99;201;102;202;99;201;98;201;100;200;100;202;98;201;99;200;99;202;100;202;99;199;99;200;99;201;101;201;99;201;99;201;99;200;100;201;98;200;98;201;100;201;101;202;99;201;100;200;98;201;101;201;98;200;98;199;99;200;100;200;98;200;99;200;99;202;101;200;98;199;99;201;97;201;101;200;98;201;99;199;99;201;101;201;98;200;97;200;98;200;102;202;99;202;100;200;100;202;100;200;99;201;98;202;98;201;100;200;98;201;98;201;98;201;0
97;203;99;203;98;203;98;204;100;203;99;204;99;203;101;202;101;203;98;202;97;201;98;203;102;202;98;204;98;202;98;202;101;202;99;202;99;201;99;201;101;202;99;201;98;203;99;201;100;202;100;202;98;201;99;202;102;202;100;201;99;200;98;202;102;201;97;200;99;200;99;200;101;201;99;202;99;201;99;201;102;200;99;199;97;201;98;201;100;200;99;202;99;201;99;199;101;199;99;201;98;201;99;200;101;200;99;200;99;200;98;200;101;200;100;201;99;200;99;200;102;201;98;200;99;200;98;200;100;201;100;201;99;200;99;200;101;202;98;202;98;199;100;202;101;201;99;201;100;201;99;203;101;201;99;200;99;201;99;202;98;0
98;99;203;100;204;99;203;99;203;101;203;99;203;99;203;100;203;102;202;98;202;98;203;98;203;101;204;99;203;99;204;99;202;101;202;99;200;99;202;99;201;101;201;99;201;98;201;99;199;100;202;98;201;98;200;99;201;101;202;99;200;97;202;99;200;101;200;99;201;98;200;99;201;100;201;100;202;101;202;97;201;102;200;98;200;99;200;98;200;102;200;99;201;98;200;98;200;101;202;98;201;98;200;98;200;100;200;98;201;98;200;98;201;100;200;98;200;100;199;98;200;100;200;99;200;99;200;98;201;101;201;99;201;100;201;99;201;101;201;97;201;99;202;99;202;101;200;98;201;98;201;100;200;100;201;99;201;99;202;98;202;0
99;203;99;204;99;203;98;204;101;203;98;203;99;202;99;202;102;203;98;202;99;203;98;202;101;203;99;202;99;203;98;202;101;202;98;201;98;202;99;201;100;200;98;200;99;201;98;202;101;202;98;201;100;202;99;202;101;202;99;201;99;201;99;201;101;200;98;201;98;200;99;200;101;200;99;200;99;202;100;201;102;201;99;201;100;200;98;200;100;201;98;200;98;201;99;200;101;200;99;201;98;200;96;200;100;200;99;201;99;201;99;200;102;200;99;200;99;202;99;202;101;201;98;201;100;200;99;201;101;202;98;201;98;200;99;202;100;202;99;201;98;201;98;201;101;202;98;200;98;202;99;201;101;202;98;202;98;202;99;201;99;0
100;99;204;99;203;98;203;98;203;102;202;99;204;99;204;99;203;102;202;100;203;99;203;99;203;100;202;99;203;99;202;99;203;100;201;99;203;98;202;99;201;101;202;98;200;97;201;98;200;102;200;99;201;98;202;99;201;100;201;99;201;99;201;99;201;101;201;98;200;99;201;98;201;101;200;99;202;99;202;99;202;102;200;98;200;97;201;98;200;100;200;99;200;100;200;100;200;101;202;98;201;99;200;99;201;101;200;99;201;98;201;99;202;101;200;98;202;98;201;98;200;101;202;100;202;99;200;100;201;100;201;99;201;98;202;96;200;102;200;98;200;98;201;99;200;101;202;99;201;99;201;99;202;101;201;99;200;99;201;100;202;0
101;203;100;203;98;204;99;204;102;204;99;203;100;203;98;204;101;203;100;203;98;202;98;202;101;202;99;204;100;203;97;202;101;202;99;201;98;201;98;201;101;201;98;201;98;200;98;202;100;200;100;200;100;202;98;201;101;202;98;202;97;200;99;200;99;201;98;200;99;201;98;201;100;202;100;201;100;201;97;202;101;201;98;200;98;200;99;201;101;201;97;200;100;201;98;200;101;200;100;201;99;200;99;202;101;201;98;201;98;200;100;200;101;201;99;199;98;201;99;199;101;201;98;200;98;201;98;200;101;200;99;202;98;200;100;200;101;201;98;201;98;202;99;202;101;201;99;201;98;202;99;202;100;202;100;201;99;200;99;202;99;0
102;98;204;100;203;98;203;99;202;101;202;98;204;99;203;98;203;101;202;99;202;98;203;99;202;100;202;99;202;99;202;98;203;101;202;99;201;99;201;99;202;101;202;98;202;98;201;98;201;100;202;98;202;99;201;98;201;101;201;99;201;98;200;98;201;101;200;98;200;97;201;98;201;101;201;99;200;98;201;98;201;100;201;99;200;98;201;98;201;100;201;99;200;98;201;100;202;101;201;99;200;98;201;99;200;101;200;97;200;98;200;98;201;101;201;98;201;98;200;98;202;100;200;98;201;99;201;100;202;100;201;100;200;100;200;99;200;101;201;99;201;98;201;99;202;100;201;101;201;98;201;98;202;101;202;98;202;98;202;99;201;0
103;202;99;203;98;202;98;203;101;202;100;204;98;203;98;202;100;203;99;203;99;204;98;203;103;202;99;202;98;202;98;202;100;201;99;202;98;202;97;202;101;202;98;202;98;201;100;200;100;202;100;201;98;201;98;202;100;202;99;202;98;201;98;202;101;201;100;201;98;200;99;201;102;202;99;201;99;200;98;202;101;199;100;200;98;202;99;201;101;202;99;201;99;201;100;201;100;202;98;202;99;200;99;199;102;199;99;200;98;201;99;200;101;201;100;201;98;200;100;202;101;201;97;201;98;201;98;201;101;200;98;201;99;202;98;200;101;203;99;202;97;202;99;201;102;201;100;202;99;200;99;202;101;201;99;202;98;202;99;202;98;0
104;99;204;99;203;99;203;99;204;100;203;99;203;99;203;100;203;101;204;97;203;97;203;99;202;101;202;98;204;99;202;100;202;101;202;99;202;100;202;98;202;101;201;99;202;98;202;98;201;101;203;98;201;99;202;98;202;100;203;99;202;98;202;98;200;101;201;98;201;99;199;99;203;100;201;99;201;99;201;99;202;101;201;99;201;99;200;99;200;101;200;98;202;100;201;98;201;102;201;99;201;98;200;97;200;101;201;98;202;100;202;100;201;101;201;98;199;99;200;98;202;102;202;98;201;99;202;98;201;101;201;100;200;100;201;100;200;100;201;99;201;98;201;100;200;101;202;100;201;100;202;98;201;100;202;98;202;99;200;98;202;0
105;204;99;204;98;203;99;202;100;204;99;204;99;202;98;203;101;204;100;203;99;201;98;202;102;202;99;203;99;202;98;202;101;203;99;201;100;201;98;202;100;200;99;202;98;201;98;200;101;202;99;202;99;202;98;202;101;203;98;202;100;202;98;201;101;202;100;200;98;201;99;202;101;202;99;202;97;201;99;201;102;200;98;202;99;201;98;201;102;200;99;202;99;201;98;199;101;200;98;200;98;201;98;201;101;200;98;200;99;202;100;201;102;200;98;201;99;201;99;202;101;200;98;200;99;201;98;201;102;202;99;201;98;200;99;201;100;202;99;201;99;201;98;202;102;204;100;202;99;202;99;202;101;201;99;202;97;202;99;201;99;0
106;98;205;99;204;98;204;99;204;100;203;99;203;99;203;99;202;100;203;100;204;98;204;99;203;100;203;98;202;99;203;99;202;100;201;99;200;97;201;99;201;102;202;98;202;97;201;98;202;101;202;99;202;99;200;99;201;100;201;99;202;98;202;98;201;101;201;98;201;97;199;98;202;101;202;98;202;98;201;99;201;100;201;99;201;97;200;98;202;100;202;99;201;99;202;99;200;101;199;98;201;98;200;98;199;101;201;100;199;99;200;99;200;99;201;98;201;98;200;99;200;102;200;99;201;100;200;100;201;100;201;99;201;99;200;99;201;101;201;99;202;99;201;98;203;101;201;98;202;100;202;99;202;101;201;99;202;99;202;99;202;0
107;205;98;203;98;204;98;203;101;203;99;202;98;203;100;204;102;203;98;203;99;202;99;202;101;202;100;203;98;203;98;201;100;202;99;202;97;201;98;202;100;200;98;201;98;202;100;202;100;200;99;201;98;202;99;203;101;203;99;200;98;201;99;200;100;202;97;200;99;201;100;201;99;202;99;201;99;201;99;201;100;201;99;201;99;200;99;200;101;200;99;201;99;201;99;202;100;200;98;200;98;201;99;200;100;202;98;202;99;202;99;201;101;201;99;201;98;202;98;200;101;201;98;201;98;201;99;202;101;201;98;201;100;201;99;201;101;202;99;201;98;202;99;201;102;202;99;202;98;201;99;201;101;203;99;202;99;201;98;202;98;0
108;98;204;100;204;99;203;99;204;101;202;99;203;99;204;99;204;102;203;99;203;99;203;100;203;101;202;99;203;99;203;98;202;100;202;99;202;98;201;99;201;101;201;99;201;98;201;99;201;101;201;99;202;99;201;99;202;101;201;98;201;98;201;100;200;100;200;99;201;98;202;100;201;101;202;99;203;99;201;99;202;101;201;99;202;98;202;99;201;101;200;99;201;100;201;99;201;100;202;98;199;99;200;99;201;101;201;99;202;98;202;99;202;101;201;100;200;99;201;98;201;101;200;99;202;99;200;100;202;102;201;100;201;98;202;100;201;100;201;100;199;99;200;99;201;102;201;98;201;98;201;98;202;101;202;98;202;99;202;99;203;0
109;204;99;204;98;204;99;203;101;203;100;204;99;203;99;204;102;203;100;205;98;202;98;202;101;202;99;202;98;202;99;202;101;202;98;201;98;201;98;203;100;202;100;201;99;202;99;202;100;202;100;202;98;202;99;202;100;201;99;202;100;201;98;201;101;201;98;202;98;202;99;201;103;202;98;200;98;202;99;201;101;201;99;200;99;200;99;201;101;200;99;201;100;202;99;201;102;201;99;200;98;202;99;202;101;201;97;202;98;200;99;201;101;201;99;201;98;201;100;200;101;201;99;202;98;202;98;201;100;203;98;201;98;201;98;201;100;202;100;201;100;202;100;202;101;202;98;202;99;201;99;202;101;203;98;202;99;202;98;202;98;0
110;99;204;99;204;99;203;99;204;101;204;99;203;99;204;101;203;101;203;99;204;99;203;100;203;101;203;98;203;100;203;98;202;101;202;98;201;99;201;98;201;101;201;99;202;97;200;97;201;100;202;98;201;98;201;99;202;101;202;98;202;98;201;98;200;100;200;98;200;98;200;97;201;100;202;99;200;100;200;98;201;100;201;99;200;98;201;99;201;100;200;99;201;97;202;99;201;102;201;97;201;99;201;99;201;102;202;100;201;99;201;99;201;101;201;100;201;98;201;99;201;100;201;98;201;98;200;98;201;101;202;99;202;97;201;99;201;100;202;99;202;99;201;99;201;101;203;99;201;99;201;99;203;100;201;99;202;98;202;97;202;0
111;204;98;204;99;204;98;204;102;203;99;203;99;203;98;203;101;203;98;202;99;204;98;203;101;203;99;203;99;203;98;203;101;202;99;201;100;202;98;201;100;202;98;201;99;202;99;203;101;202;99;203;98;201;99;201;102;202;99;202;98;202;99;203;101;200;99;201;98;200;97;201;101;202;99;202;99;201;98;201;100;202;98;201;98;200;98;201;102;201;98;201;99;201;98;203;100;201;99;202;98;202;98;202;100;202;98;201;99;200;98;202;102;201;98;202;98;200;98;202;102;202;98;200;99;202;99;201;101;202;99;202;99;200;98;202;102;203;99;202;99;202;98;201;102;203;100;202;99;202;100;202;100;203;99;203;98;203;99;203;99;0
112;99;203;98;204;99;204;99;205;101;203;99;205;98;203;100;203;101;203;99;204;99;203;99;203;101;202;98;203;98;204;98;204;101;202;99;201;98;201;100;202;99;202;99;203;98;200;99;202;101;202;99;201;99;201;98;202;101;202;99;202;98;201;98;202;102;201;98;202;98;201;99;201;101;201;99;202;98;201;99;201;102;200;98;200;101;201;98;201;102;201;99;201;99;201;99;202;100;201;98;201;98;200;98;202;101;200;98;201;98;201;100;200;102;202;98;200;99;202;100;201;100;201;99;201;99;202;98;202;101;201;98;202;98;201;98;201;100;201;100;202;100;202;99;202;101;202;98;201;99;202;98;203;101;201;99;203;100;202;98;203;0
113;204;97;203;98;202;98;203;101;203;99;203;99;204;100;204;101;203;99;202;99;203;98;203;100;203;99;205;98;204;99;203;100;202;97;203;98;203;98;201;100;204;99;202;99;201;99;201;101;203;99;202;99;202;99;201;101;202;100;202;99;201;98;202;101;201;98;202;98;202;99;201;101;201;98;202;98;200;97;201;100;202;99;200;99;201;98;200;101;200;98;201;98;201;98;201;100;201;99;201;99;201;99;201;101;202;99;201;99;201;98;202;101;201;98;201;98;200;99;201;100;202;100;201;101;202;100;202;100;203;99;201;98;200;98;201;101;201;100;201;100;202;99;202;102;202;100;203;99;202;98;201;101;203;98;203;98;203;98;202;99;0
114;98;204;99;204;99;204;99;205;100;204;99;204;99;203;99;204;101;205;98;203;100;205;99;203;101;204;99;204;99;202;100;203;100;202;99;203;98;202;98;202;98;202;98;202;98;201;99;203;101;202;98;202;99;203;99;202;101;201;99;203;97;202;98;200;101;201;98;201;98;200;99;201;101;202;99;201;99;203;99;202;102;201;99;202;100;200;99;201;102;200;99;201;99;202;99;201;101;200;98;200;97;201;98;200;101;200;98;201;97;201;98;201;101;201;98;201;97;202;99;201;101;201;99;201;98;202;98;202;101;202;99;201;98;201;99;201;100;200;99;202;99;202;100;202;100;202;98;202;99;202;99;201;100;203;98;203;98;203;98;202;0
115;203;98;204;99;203;99;204;101;204;98;204;99;205;100;204;101;205;99;203;97;203;99;202;101;202;99;203;98;203;98;202;101;202;99;202;98;203;98;202;100;202;98;202;98;201;98;202;101;202;99;201;97;202;98;203;101;202;99;202;99;201;99;202;100;202;100;201;98;200;99;202;101;202;99;202;99;203;99;202;100;201;100;201;99;200;98;200;102;201;99;201;99;201;99;201;102;200;99;200;99;200;99;202;100;201;99;201;98;201;98;202;102;201;100;201;98;201;99;201;101;202;99;201;98;202;98;202;100;202;98;201;98;203;99;201;100;201;99;202;99;203;98;201;100;203;98;202;99;202;99;202;101;203;98;203;99;201;99;201;99;0
116;98;203;100;204;99;204;98;205;102;203;99;204;100;204;99;204;101;203;97;203;99;203;99;202;101;203;100;204;99;202;100;204;102;203;98;201;98;202;99;203;102;203;97;202;98;201;99;202;102;201;99;202;99;202;99;202;102;202;98;202;98;202;98;201;101;201;98;200;98;202;98;201;101;202;99;202;100;202;98;202;100;203;99;201;99;202;99;203;101;203;98;200;99;202;99;202;99;202;99;200;98;201;100;201;101;201;98;200;99;202;99;201;101;201;99;203;98;201;98;201;101;200;99;202;99;201;97;201;101;203;99;202;98;201;99;202;100;202;99;202;98;201;98;202;101;202;100;202;99;201;100;203;101;202;100;202;100;203;100;202;0
117;205;98;204;100;204;100;203;101;204;100;204;99;204;99;204;101;205;98;205;99;204;99;203;101;203;99;203;98;202;98;202;101;203;99;202;98;202;99;203;101;202;97;201;99;202;99;200;101;203;99;202;99;202;98;202;101;202;98;202;99;203;97;202;100;202;98;203;98;201;98;202;101;202;100;202;100;202;99;200;100;202;98;202;99;201;99;201;103;202;98;202;99;203;99;201;102;202;99;202;99;200;98;202;100;200;99;202;99;202;98;201;101;201;99;201;99;202;100;202;100;201;99;202;99;202;100;202;101;203;99;201;99;200;99;202;100;202;100;202;98;203;100;202;102;201;100;202;98;201;99;203;101;203;98;203;98;202;99;204;99;0
118;99;204;98;205;99;204;98;204;101;202;100;204;100;204;99;203;101;205;100;204;100;202;100;204;102;203;99;203;99;204;98;204;99;202;99;203;97;201;99;203;100;201;99;202;99;204;98;202;100;202;97;201;100;203;98;202;101;202;99;203;97;201;100;201;100;201;98;201;99;201;99;202;101;202;99;202;98;202;99;201;102;202;100;202;98;203;99;201;101;202;100;201;98;202;100;200;100;202;98;202;98;200;98;200;102;201;100;202;99;202;99;201;100;202;98;202;99;201;98;202;102;202;99;202;99;201;98;203;101;202;99;201;98;202;99;203;102;202;98;201;100;201;98;202;101;203;99;202;99;202;98;202;101;202;97;202;99;202;98;202;0
119;205;99;204;99;204;98;205;102;203;99;204;98;205;99;204;101;204;99;203;100;203;99;203;101;203;99;203;99;204;98;203;101;204;97;202;99;201;99;202;101;202;98;202;100;203;98;203;99;202;99;202;100;203;99;201;101;202;98;202;99;202;97;202;101;202;98;201;98;202;99;201;103;202;99;201;99;202;99;200;102;202;99;201;100;202;99;201;101;202;98;201;100;200;99;200;102;202;98;203;99;201;99;202;102;201;99;201;100;200;98;201;99;202;98;201;100;203;98;201;102;202;99;202;99;202;99;202;101;202;99;203;99;201;99;201;101;202;100;202;99;203;98;202;102;202;99;202;98;202;99;202;101;203;99;202;98;201;99;202;98;0
120;99;205;98;204;99;204;99;203;100;204;99;204;99;203;99;204;102;204;99;203;100;204;99;203;101;202;99;203;99;203;99;203;100;202;99;203;98;203;99;202;100;202;98;201;98;202;98;202;100;202;98;202;99;202;100;203;100;203;98;202;99;203;99;202;101;201;99;201;98;202;99;203;101;202;97;201;99;201;99;203;100;202;98;202;99;201;99;201;101;200;100;201;100;202;99;201;102;201;98;201;98;202;100;203;100;200;99;201;98;201;99;202;100;202;100;201;99;202;98;202;101;202;98;202;100;201;99;202;101;203;99;202;98;202;99;203;101;202;100;202;99;201;99;202;102;203;100;201;99;202;100;202;100;202;98;202;99;201;99;202;0
121;205;99;204;99;204;99;203;101;202;99;203;99;203;99;204;100;204;99;203;99;204;100;204;102;203;100;205;98;204;100;203;101;201;99;202;98;203;98;202;101;202;98;202;100;202;98;203;101;203;99;202;98;202;98;202;100;202;98;202;99;203;99;201;100;202;98;202;97;203;98;202;101;201;97;202;99;203;100;201;100;201;99;201;98;202;98;202;100;202;99;201;99;202;98;201;100;201;99;201;98;201;99;201;102;201;98;201;99;202;98;202;101;202;99;201;98;202;99;202;100;202;99;202;98;203;100;203;100;201;99;202;98;201;100;203;102;203;100;202;98;202;99;202;101;201;100;202;99;202;98;201;101;203;99;204;99;203;99;204;98;0
122;99;205;99;203;99;204;99;205;101;204;99;204;99;205;98;203;102;204;100;203;99;203;98;204;102;204;98;203;100;204;99;203;100;202;99;204;97;202;99;205;100;202;99;203;99;202;98;202;100;202;99;203;98;203;99;203;102;202;99;203;99;202;99;202;101;203;99;201;100;202;99;202;100;203;98;203;99;202;98;202;100;201;100;201;100;200;100;202;102;202;99;202;100;201;98;202;102;202;98;202;100;202;99;202;99;202;98;203;100;202;99;202;102;201;100;202;99;202;98;201;101;202;99;202;99;201;99;202;100;202;100;202;99;202;99;202;102;201;99;203;100;201;100;202;100;201;97;201;99;202;97;202;102;202;98;202;98;202;98;203;0
123;204;98;206;99;205;99;204;102;204;99;204;99;204;98;204;101;204;98;203;99;203;101;203;100;204;99;204;98;203;99;203;101;203;99;203;98;202;99;202;101;203;98;202;99;201;100;203;101;202;98;201;98;201;98;203;100;203;99;203;98;203;99;203;100;201;98;202;99;202;100;203;101;203;99;202;98;203;99;202;100;202;97;202;99;202;98;201;100;203;98;202;99;202;99;203;100;201;99;202;99;202;99;202;101;201;99;203;99;202;98;201;100;203;98;202;100;202;98;202;102;201;98;202;98;202;98;202;100;202;99;202;100;202;98;201;99;203;100;201;99;203;98;202;103;202;98;203;99;201;98;203;100;202;99;202;98;202;98;203;99;0
124;98;204;98;204;99;204;99;203;100;202;100;205;99;204;99;204;101;205;98;204;98;203;99;204;100;203;100;203;99;203;100;202;102;203;99;201;98;202;99;204;101;203;99;202;99;202;98;202;101;201;98;202;98;202;99;203;101;202;99;203;98;202;98;202;100;202;99;201;98;201;99;202;101;202;99;203;100;203;98;202;102;202;99;200;99;202;99;201;100;201;97;202;101;202;97;202;101;201;100;202;98;203;98;202;101;203;99;202;99;201;99;201;102;202;98;202;100;201;99;202;102;202;98;202;98;201;99;202;100;203;100;201;99;202;100;202;102;202;99;203;100;203;100;203;101;202;100;201;98;203;98;202;101;202;99;203;98;202;99;202;0
125;205;99;204;99;205;100;204;101;204;99;204;98;204;100;204;100;204;99;205;98;204;99;205;101;203;97;204;98;203;99;202;101;201;100;202;100;203;99;201;100;203;99;201;99;201;99;202;101;203;99;202;98;203;99;203;101;204;99;202;100;203;100;203;102;202;98;203;99;200;97;203;101;203;99;203;99;202;98;203;100;201;99;201;99;202;100;201;101;203;98;202;99;202;100;202;101;202;100;202;98;203;100;202;101;202;100;203;99;201;100;202;102;202;97;203;99;202;98;203;101;202;97;200;98;203;99;202;100;202;98;203;98;201;99;202;101;202;99;202;98;202;98;202;100;202;99;203;97;203;99;201;101;203;99;203;97;202;99;202;99;0
126;99;205;99;204;98;203;98;204;101;204;100;204;98;204;100;204;101;204;97;203;99;203;98;204;102;204;99;205;99;203;100;203;101;203;99;203;98;204;99;203;100;202;98;202;98;202;98;203;98;202;98;203;98;202;98;203;100;202;99;203;99;202;99;202;101;202;98;203;98;202;98;202;101;202;99;203;99;202;99;203;101;202;100;202;99;202;98;202;102;201;98;202;100;202;99;202;101;202;99;201;98;201;98;202;101;203;100;202;98;202;98;202;101;202;99;203;100;203;98;202;99;203;98;202;99;202;98;203;102;202;99;203;98;202;99;202;101;202;99;202;99;202;99;202;101;201;98;203;98;201;98;203;102;202;99;204;99;203;98;204;0
127;204;99;204;99;204;98;204;100;205;99;204;100;204;98;203;101;204;99;204;100;204;100;204;100;203;99;204;98;203;99;205;100;203;99;202;99;203;99;203;101;204;99;202;98;201;97;201;102;203;98;202;98;203;99;203;101;204;98;202;99;202;99;204;101;203;98;203;98;202;99;203;102;203;99;202;97;203;99;202;101;202;99;202;100;201;98;200;102;202;99;201;99;201;98;202;100;202;98;202;99;202;98;201;101;202;100;203;97;201;98;202;100;202;98;202;99;201;98;203;101;202;99;203;100;202;99;203;102;203;98;202;99;202;98;202;100;202;98;202;100;202;98;201;101;202;99;202;100;202;99;204;102;204;99;203;101;204;98;203;99;0
128;98;204;99;205;98;204;98;205;102;204;99;204;100;204;99;205;100;204;100;204;99;204;99;203;101;203;98;204;99;203;99;203;100;203;99;203;99;203;99;203;100;203;98;203;99;203;100;203;101;203;99;203;99;203;99;203;100;202;99;203;99;201;98;202;101;201;98;202;100;202;97;203;101;204;98;202;99;203;99;202;101;202;99;202;99;203;99;201;101;202;99;202;98;202;99;202;101;202;100;202;99;202;98;201;102;202;98;203;98;202;99;202;102;202;99;201;99;202;99;202;102;203;97;203;98;202;99;204;102;202;98;202;98;202;98;202;101;202;99;202;100;203;99;204;102;203;98;202;98;202;99;203;101;203;98;203;100;203;98;203;0
129;204;99;204;100;205;99;205;101;205;99;205;99;203;100;205;100;204;99;204;99;204;99;204;101;204;98;204;98;204;98;203;100;202;99;203;97;202;98;202;100;204;99;202;99;203;98;203;102;202;98;201;98;202;99;202;100;203;99;203;99;203;99;203;101;203;99;203;98;203;100;203;101;203;98;201;99;201;99;202;101;202;99;202;98;203;99;201;101;203;99;202;99;202;99;202;101;202;99;202;99;202;99;202;101;201;99;202;98;202;99;203;100;203;98;203;98;202;99;202;101;202;98;202;98;202;98;201;101;203;98;204;98;202;99;203;101;203;99;202;99;202;99;202;100;203;99;203;99;201;99;204;102;203;100;203;100;202;100;204;100;0
130;99;205;99;204;99;205;100;205;102;205;98;204;100;205;99;204;99;204;98;204;99;205;99;204;101;204;97;205;99;203;98;203;100;203;99;203;99;202;98;203;101;202;98;201;98;202;97;202;100;202;100;203;100;204;99;204;102;202;98;203;98;203;98;203;101;202;99;203;98;204;99;203;101;203;98;202;99;203;99;202;100;202;98;202;98;203;98;201;101;202;99;202;99;203;98;202;101;203;99;203;98;202;98;203;100;202;98;202;97;203;99;203;101;201;99;201;100;202;100;202;101;203;98;202;98;203;98;202;102;202;98;203;99;204;99;202;101;203;97;202;100;202;98;203;103;202;99;203;99;203;99;204;101;203;98;202;98;204;97;202;0
131;205;99;205;99;205;99;204;100;205;99;204;99;204;99;204;100;204;100;205;100;204;99;205;101;204;99;204;99;204;99;203;101;204;99;202;98;203;99;204;101;203;99;203;99;202;99;203;101;204;98;203;98;202;98;204;102;204;99;202;100;202;98;201;99;201;98;202;99;201;98;203;101;203;100;202;99;202;100;202;100;203;98;202;98;202;100;202;103;202;99;203;99;202;99;203;100;202;99;202;98;202;99;203;101;203;98;202;99;202;99;203;101;202;99;201;99;202;100;202;101;202;99;203;99;202;99;203;101;203;99;203;99;202;98;202;100;202;99;202;98;203;99;202;100;202;100;204;98;202;100;203;101;202;98;202;99;204;98;202;99;0
132;99;204;100;205;99;204;98;204;101;205;99;205;98;205;99;205;102;204;99;204;99;203;99;203;101;204;98;203;98;204;98;203;100;204;99;202;99;204;99;203;100;202;98;204;98;202;99;203;100;203;99;202;98;202;99;203;101;202;97;204;98;201;98;203;100;203;98;203;97;203;98;201;101;204;98;202;99;203;100;203;100;202;98;202;100;202;98;201;101;202;99;203;99;203;100;201;102;202;98;203;99;202;99;201;101;203;98;202;99;202;98;202;101;203;99;203;99;202;98;202;101;202;99;203;99;202;98;203;102;204;100;202;99;202;100;200;101;203;99;203;100;204;99;203;100;202;98;202;100;203;99;202;101;203;98;203;98;203;98;203;0
133;205;98;205;99;205;99;205;101;204;98;206;99;206;100;204;102;205;98;204;99;204;98;204;100;203;99;203;98;204;97;203;101;203;99;203;98;203;98;202;99;203;99;203;98;202;98;203;100;203;100;203;99;203;99;204;101;204;99;204;98;203;98;203;100;203;98;202;99;204;100;203;101;202;98;203;99;204;100;202;100;202;98;203;99;203;98;202;101;203;99;202;100;204;98;203;101;202;99;202;99;202;100;201;101;202;99;203;99;203;99;202;101;203;98;202;99;203;99;203;101;202;99;202;97;202;97;202;101;203;100;201;98;202;98;201;100;203;99;201;99;202;98;202;101;204;100;203;99;204;99;204;101;202;98;203;100;203;99;203;97;0
134;99;205;98;206;99;204;99;205;102;205;100;205;99;206;99;205;101;204;99;204;98;206;99;205;100;203;99;205;98;204;99;203;101;203;99;203;98;203;100;203;102;202;99;203;97;202;98;203;100;204;99;203;99;202;98;204;100;203;99;203;99;203;99;204;102;202;100;203;98;203;100;203;102;204;99;203;98;204;100;203;101;203;100;202;98;202;99;203;101;202;98;203;100;201;98;203;101;203;99;202;99;202;99;202;100;202;99;202;100;202;100;202;100;202;99;202;98;203;98;203;101;203;99;202;98;203;99;203;102;203;99;203;99;203;99;203;101;203;99;202;99;203;99;203;100;203;100;202;99;203;98;204;103;202;100;204;100;202;99;204;0
135;205;99;206;98;204;99;205;101;205;100;205;99;205;100;205;100;205;99;205;98;205;99;205;102;205;98;205;99;203;99;204;101;203;99;204;99;204;99;203;101;203;98;202;99;203;97;203;100;204;99;203;98;204;98;203;100;203;98;203;98;203;98;203;101;203;98;202;99;202;99;204;101;203;99;203;98;204;98;202;100;202;99;202;100;202;99;203;101;201;98;203;99;202;99;203;100;203;99;202;97;202;99;201;102;203;98;202;98;203;99;203;102;203;100;202;97;202;99;201;102;203;98;203;99;202;100;202;100;203;99;202;98;202;99;203;101;203;99;202;100;202;100;202;100;203;99;203;99;202;100;204;102;204;99;203;97;201;99;202;98;0
136;98;205;100;205;98;205;98;205;100;205;99;206;99;205;99;204;100;206;100;204;99;204;98;205;101;203;100;205;99;205;98;204;100;203;98;202;98;203;99;203;100;204;99;204;98;203;99;203;101;203;99;204;99;204;99;203;101;203;98;202;99;203;98;204;100;203;97;202;97;203;99;204;101;201;99;203;99;203;99;204;101;202;98;201;99;202;99;202;101;204;98;204;98;201;99;204;101;202;98;203;99;201;99;203;101;202;98;202;97;203;99;203;101;203;98;203;100;202;99;201;101;203;98;202;99;202;98;202;103;204;99;203;98;203;100;204;101;203;99;202;99;203;100;202;102;203;100;203;101;204;100;203;100;203;99;203;98;203;99;203;0
137;205;99;205;100;206;99;204;100;205;100;205;99;205;99;205;101;205;98;204;99;205;100;204;102;204;97;204;100;204;99;203;100;204;98;203;97;204;98;205;102;203;100;203;98;203;99;204;100;204;99;202;98;202;100;203;101;204;98;203;100;202;99;204;101;204;99;204;99;203;98;203;101;204;98;203;100;202;99;203;101;202;98;202;98;201;99;202;101;203;99;203;99;203;99;202;102;202;99;202;99;203;100;202;101;202;98;203;99;203;99;203;103;203;99;203;99;202;99;203;102;202;96;203;98;202;98;203;101;203;99;203;100;203;98;201;102;202;99;204;99;204;98;203;101;203;99;202;99;202;100;203;102;204;100;203;99;203;99;204;99;0
138;100;205;99;205;99;206;99;205;101;203;99;206;99;205;100;205;100;205;99;205;99;205;98;204;101;205;100;204;99;205;98;204;100;203;98;204;98;204;100;203;100;202;100;203;99;203;98;203;101;204;99;203;99;204;99;204;100;203;98;203;99;204;97;203;101;204;98;203;98;203;100;205;101;204;99;203;99;203;99;203;101;202;100;203;99;204;99;202;101;203;99;203;99;203;99;203;101;203;100;202;99;202;97;203;100;202;98;203;98;202;99;203;102;203;100;203;100;201;97;204;101;203;98;202;98;202;98;201;102;202;100;202;99;202;99;202;101;204;99;203;99;203;99;202;102;202;100;204;99;203;100;203;100;203;99;203;98;203;99;203;0
139;205;98;206;98;205;99;205;101;206;98;205;99;205;98;204;101;205;98;205;101;204;98;205;100;205;98;205;99;204;98;204;101;205;98;204;97;203;97;203;99;204;99;204;99;203;98;202;101;203;99;203;98;203;99;203;102;204;99;205;99;204;99;204;101;204;99;203;99;204;98;203;101;203;100;205;99;203;99;203;101;202;99;203;99;203;98;202;101;203;98;202;99;203;99;203;102;203;98;202;99;202;100;203;100;203;99;202;98;203;99;203;101;203;99;204;99;204;99;203;101;203;99;202;100;203;98;203;100;204;99;203;100;204;99;202;101;203;100;202;99;203;99;203;100;204;99;204;99;204;98;203;100;203;99;204;99;203;98;204;98;0
140;99;205;100;205;98;205;98;206;101;204;99;206;99;206;99;204;102;206;99;205;99;206;99;204;102;205;99;205;100;205;99;204;100;204;99;203;99;204;99;203;101;203;99;203;99;203;98;204;102;204;99;204;99;204;98;204;101;203;99;203;99;202;99;203;101;203;99;203;98;202;100;203;101;204;101;203;98;203;99;204;101;203;99;203;100;204;99;204;102;202;99;202;100;202;98;203;100;203;98;203;98;203;98;201;102;202;98;203;99;202;98;203;101;203;98;202;99;203;99;204;101;202;98;202;98;204;98;202;102;203;99;204;98;204;99;202;102;203;100;204;101;204;102;204;101;202;100;202;98;204;98;204;101;204;99;203;99;204;98;202;0
141;206;98;206;99;205;99;204;101;207;97;206;99;206;100;207;101;205;98;205;98;203;98;205;101;205;99;204;99;206;99;204;101;204;99;204;98;204;99;204;101;204;98;203;98;204;98;204;101;203;99;203;99;204;99;204;100;204;98;205;99;203;98;204;102;204;99;203;99;202;98;203;103;203;100;202;99;203;99;203;101;201;100;203;99;203;99;202;101;204;98;203;98;203;99;204;101;201;99;203;98;202;98;202;102;203;100;203;99;203;99;203;101;202;98;201;98;202;99;202;101;204;99;202;99;203;98;202;100;204;100;203;99;203;98;203;101;203;98;204;98;203;98;203;102;204;99;204;99;204;100;203;100;205;98;203;100;204;100;203;99;0
142;99;205;98;205;98;205;98;204;100;206;98;205;99;205;99;204;100;206;99;205;99;205;99;204;101;205;100;204;100;204;99;205;102;204;99;204;98;204;99;204;99;203;99;203;98;204;99;203;100;202;98;204;97;204;99;204;101;203;97;203;98;203;99;204;101;202;99;203;99;204;99;204;103;205;99;203;99;203;99;204;101;203;101;203;99;202;100;203;101;204;99;204;99;204;99;204;101;203;99;203;98;203;97;203;101;202;98;204;97;202;98;203;101;203;99;203;99;203;98;203;100;204;97;202;98;203;100;204;101;203;99;203;98;203;98;203;101;203;99;203;100;203;98;203;100;203;99;204;98;204;97;204;99;204;99;204;99;204;98;204;0
143;206;100;206;99;206;99;205;100;206;99;206;100;206;99;205;100;206;99;205;99;205;99;204;101;206;99;205;99;204;97;204;101;204;98;204;99;203;98;204;101;205;98;203;99;205;100;203;101;204;98;204;99;203;97;204;102;204;98;204;98;204;99;204;100;204;98;203;97;203;99;203;101;202;99;204;99;203;98;204;100;203;98;202;98;202;99;203;101;204;100;203;99;203;98;204;102;203;98;204;97;204;99;202;101;203;99;203;100;200;98;203;101;203;100;203;99;203;99;203;101;204;99;203;98;203;99;204;101;203;99;203;99;202;100;204;101;202;100;203;100;204;99;203;101;204;100;205;100;203;100;204;101;204;97;204;99;203;99;202;100;0
144;98;206;99;205;98;206;98;206;101;205;98;207;100;204;99;205;102;205;99;205;98;206;99;205;101;205;98;204;98;204;98;204;100;204;100;202;98;203;99;204;101;204;99;203;98;204;98;203;100;203;97;205;99;204;98;204;102;204;99;203;99;203;99;204;100;204;98;204;98;203;100;204;99;203;99;203;99;205;100;203;103;204;98;203;100;203;99;203;101;202;99;203;99;203;99;204;101;204;98;204;99;202;98;203;101;204;98;203;99;202;99;203;100;203;97;203;99;203;97;203;101;203;98;203;99;204;98;204;101;204;100;203;98;204;98;203;102;203;98;204;99;204;100;203;102;205;99;203;99;204;99;203;102;204;99;203;99;205;99;205;0
145;206;99;205;100;206;100;205;102;206;99;205;100;206;99;206;101;206;100;205;100;205;99;206;100;205;98;206;98;205;99;204;101;205;99;204;99;204;99;205;100;204;100;205;100;205;99;204;102;204;99;204;99;205;99;203;101;204;98;204;98;203;99;204;100;204;99;204;99;203;100;204;100;204;100;205;98;203;99;203;100;203;98;201;98;203;100;203;101;204;99;203;98;203;99;203;100;202;100;204;101;203;99;203;100;203;99;202;99;203;98;200;101;204;99;204;100;203;100;204;101;203;99;204;98;204;100;203;102;204;100;204;99;203;98;202;101;204;99;204;100;204;100;204;101;204;98;204;99;204;99;204;102;204;98;203;98;204;98;203;98;0
146;98;207;98;207;100;206;98;206;101;205;99;205;99;207;98;205;100;206;98;206;99;205;99;205;100;206;99;205;99;204;98;205;102;204;100;204;99;204;99;204;101;204;99;203;99;203;98;204;100;204;98;204;99;204;99;204;100;202;99;204;99;204;97;204;99;204;99;204;98;203;99;205;101;203;99;204;99;204;99;204;102;204;100;203;98;203;99;204;100;202;99;203;98;203;98;203;100;204;101;205;100;202;99;204;102;203;98;203;100;204;98;203;101;203;99;202;99;202;98;204;101;204;99;203;99;204;99;203;101;203;99;203;98;204;99;204;103;205;98;204;99;203;100;203;101;203;98;205;99;203;99;203;101;204;98;203;98;204;98;204;0
147;205;98;206;99;205;99;207;101;206;98;205;98;205;99;204;101;205;99;205;98;206;99;205;101;203;99;206;99;206;99;205;101;204;99;202;97;204;97;204;99;203;99;203;99;204;97;205;101;204;100;204;99;204;98;204;102;204;98;203;97;204;99;203;99;204;98;203;99;203;97;203;100;204;98;205;98;204;98;204;101;203;99;203;97;204;99;203;102;204;98;203;99;202;98;203;101;203;100;202;100;202;98;204;101;205;98;203;99;203;100;202;102;204;99;204;99;202;99;202;101;203;99;204;98;203;99;203;101;203;98;204;97;203;98;204;100;203;99;204;99;204;99;203;100;204;99;204;98;204;99;203;102;204;99;203;100;205;100;204;98;0
148;99;206;99;205;98;205;98;206;102;206;99;206;100;205;99;205;102;206;101;206;99;206;99;206;102;205;99;205;99;206;98;204;101;205;99;204;99;205;98;204;99;203;99;204;98;203;98;204;102;203;99;204;100;205;99;204;101;203;99;204;98;203;98;204;100;203;98;203;98;203;98;205;100;204;99;204;98;204;99;203;102;203;99;204;98;204;99;204;102;204;99;204;99;203;100;203;100;203;99;203;97;202;98;203;101;203;99;204;99;204;100;205;102;203;98;204;99;203;98;204;102;205;99;204;99;203;100;204;102;204;98;203;99;203;98;203;101;203;98;204;99;203;99;204;101;202;100;204;100;205;99;203;102;204;99;204;99;204;99;203;0
149;206;99;206;98;206;98;205;102;207;100;206;99;206;98;205;100;206;100;206;97;206;99;206;101;205;98;205;100;206;99;204;101;205;98;205;98;205;99;204;101;205;98;204;98;204;98;204;100;204;98;204;97;204;98;204;101;204;98;204;99;204;98;204;101;204;98;204;98;204;100;205;101;204;99;202;99;203;100;203;100;204;100;203;98;203;98;204;101;203;98;203;100;204;99;204;101;203;98;203;98;203;99;204;101;203;99;204;100;204;99;204;102;203;100;204;98;203;99;204;101;204;99;204;99;205;99;204;101;204;99;202;98;202;99;204;99;204;99;204;99;205;98;205;102;204;100;204;98;204;99;204;102;205;99;204;100;204;100;204;98;0
150;98;206;99;206;99;205;98;206;101;207;99;207;100;206;99;205;101;206;100;208;98;205;99;205;102;205;98;206;99;204;97;204;101;204;97;203;99;205;98;204;101;206;99;204;98;204;98;204;101;203;99;204;99;205;99;204;101;204;99;204;99;204;99;204;101;204;99;203;98;203;98;204;101;203;99;204;99;204;100;204;101;204;101;203;100;203;100;203;100;204;98;204;99;204;99;203;100;203;99;204;99;203;98;203;101;202;100;203;97;203;99;204;101;202;98;204;98;202;99;202;101;204;100;203;98;203;98;204;101;203;98;203;100;202;98;203;101;204;99;204;100;204;99;204;100;203;98;205;97;204;99;204;100;204;99;204;99;205;99;204;0
151;207;99;205;98;205;98;206;101;206;99;205;98;207;99;205;101;205;99;206;98;207;99;206;101;205;101;206;98;204;98;206;101;205;99;206;98;205;99;204;102;205;99;204;98;203;98;204;100;205;100;205;98;204;99;204;102;205;99;204;99;203;99;205;100;205;98;204;99;204;98;204;101;205;100;205;99;204;99;204;101;204;99;203;99;203;99;204;101;203;99;204;99;203;100;203;100;203;99;204;100;204;99;204;102;204;97;203;99;203;98;204;101;203;99;204;98;204;99;205;101;203;98;204;99;204;98;204;101;204;100;204;99;206;99;205;102;205;100;204;98;206;98;205;102;203;100;203;99;203;100;205;100;204;99;204;100;205;99;204;98;0
152;98;206;98;206;100;207;99;205;102;205;99;205;98;205;99;206;101;206;99;206;99;206;99;206;102;206;99;206;100;205;99;205;100;204;97;205;98;204;98;203;102;204;98;205;98;204;99;204;101;204;98;204;99;203;99;205;101;204;99;204;97;205;98;203;100;205;98;204;99;204;100;204;103;206;99;203;99;205;100;203;102;204;99;204;98;204;99;203;102;204;99;203;99;203;99;203;101;204;99;204;97;203;99;204;102;204;98;205;97;205;99;204;102;203;98;204;98;204;98;203;102;204;99;205;99;204;98;204;103;205;99;203;99;204;100;204;100;204;99;204;99;204;98;204;101;204;99;202;98;202;99;204;100;204;99;204;101;205;99;204;0
153;206;100;206;99;207;99;206;102;208;100;206;100;207;99;207;100;206;99;206;97;207;100;206;101;206;99;206;99;206;98;205;102;204;99;206;98;205;99;205;100;205;98;205;99;205;98;205;101;205;99;203;98;204;99;205;101;205;99;204;100;205;99;205;101;202;99;204;99;203;98;204;101;206;100;206;99;204;99;205;102;204;99;204;97;204;99;204;101;203;97;204;99;203;99;204;101;204;98;204;98;204;98;204;102;202;100;204;98;204;99;204;101;204;100;204;99;202;99;204;101;202;100;204;98;204;99;204;100;204;99;202;100;203;99;204;101;203;99;204;99;204;99;204;101;203;98;204;100;204;98;205;102;204;98;205;99;204;99;205;97;0
154;99;207;99;206;99;206;100;206;102;205;99;207;99;206;99;207;101;207;98;207;100;207;98;206;100;205;99;207;99;207;98;206;101;205;99;205;98;205;99;205;100;205;99;205;99;205;100;205;102;204;99;205;99;204;99;204;101;205;99;205;98;205;99;204;99;204;99;204;98;204;99;204;101;205;98;205;99;204;99;204;101;205;100;204;100;205;99;205;100;204;99;203;98;204;99;204;101;203;98;204;99;204;99;203;101;203;98;204;98;204;100;203;101;204;100;204;100;204;100;205;101;204;98;203;99;204;98;204;102;204;100;204;98;204;99;204;102;205;99;205;99;205;99;204;102;204;99;206;97;204;99;204;100;205;99;205;100;204;99;205;0
155;207;99;206;99;207;98;207;102;207;100;206;99;207;100;206;101;206;100;206;99;206;100;207;100;206;99;205;98;206;100;205;101;205;98;205;100;205;100;205;101;205;99;204;99;205;98;205;101;204;99;205;98;205;99;205;101;206;98;204;98;204;98;206;101;206;99;204;99;204;99;205;101;206;99;205;99;204;99;205;101;204;100;203;98;205;97;203;102;204;100;203;100;204;99;204;101;204;98;203;98;205;99;204;102;204;99;205;100;203;99;204;102;204;99;204;99;203;97;204;100;203;99;204;98;203;99;204;100;205;98;204;99;203;98;205;100;204;100;204;100;203;98;204;101;205;98;204;98;204;99;205;101;207;99;205;97;205;99;205;98;0
156;100;206;99;206;99;207;98;208;101;207;99;206;99;207;98;206;101;206;98;206;99;206;99;207;101;205;98;206;99;207;98;207;101;204;97;205;99;205;98;205;100;205;99;204;98;205;98;205;101;204;98;205;99;204;99;205;100;206;99;205;98;204;98;204;101;204;99;204;99;205;99;205;101;204;100;204;99;204;98;204;102;204;98;203;100;204;99;203;102;205;99;205;100;204;98;204;102;204;99;204;99;204;99;204;100;205;98;204;99;205;97;205;100;204;98;204;98;204;98;204;102;204;100;204;99;205;99;205;101;205;99;205;98;205;100;204;101;204;99;203;100;205;99;206;102;204;99;203;100;203;99;204;102;205;98;206;99;205;98;205;0
157;206;99;206;99;207;98;206;102;208;100;207;99;206;99;206;101;207;99;206;99;205;100;206;101;207;99;206;99;206;98;207;101;206;98;206;98;205;100;204;101;205;99;205;99;205;98;205;101;205;98;205;97;205;97;205;101;206;98;205;99;204;98;205;100;204;99;205;99;205;98;206;102;205;100;205;99;204;98;205;102;204;98;206;99;205;99;204;103;204;99;204;98;203;99;205;102;204;100;205;99;205;100;205;102;205;99;205;98;204;99;204;101;204;99;205;101;205;99;205;100;205;98;206;99;205;99;205;101;204;99;205;99;205;98;204;101;204;98;205;97;205;100;205;101;205;99;204;99;205;99;205;100;205;100;205;99;205;99;204;101;0
158;98;207;100;207;99;208;99;208;102;207;99;206;100;207;99;208;103;207;98;205;99;207;99;206;101;207;99;206;99;207;99;206;102;205;99;205;98;206;98;205;101;205;98;204;100;205;100;206;100;205;98;204;98;206;99;205;100;206;99;206;99;205;99;205;100;205;98;205;98;204;99;204;100;204;98;205;99;204;98;205;101;204;98;204;98;204;99;205;101;205;99;204;98;204;99;203;100;204;97;204;100;203;99;202;101;204;99;203;99;205;99;204;100;205;99;204;97;205;98;205;101;204;98;203;99;204;98;205;102;205;99;204;99;204;99;204;102;205;98;204;99;205;99;205;101;205;100;204;99;204;99;204;102;205;100;206;97;204;99;205;0
159;207;99;206;97;206;101;207;100;207;100;206;99;208;99;207;101;207;99;206;100;207;99;207;101;206;98;206;98;207;99;205;101;206;99;204;98;205;98;203;100;205;97;206;97;206;98;205;101;205;99;205;99;205;98;205;101;206;99;205;98;204;99;205;102;205;100;205;100;206;100;205;102;206;99;205;100;205;98;207;102;205;99;205;98;205;99;204;102;203;98;204;99;204;99;205;100;203;98;204;100;205;97;203;101;205;98;204;98;205;100;205;102;204;99;205;99;205;99;204;101;205;98;203;100;205;99;205;101;206;99;205;99;206;98;205;101;204;100;205;97;204;99;206;101;205;100;205;99;205;100;206;103;204;100;204;100;205;98;205;96;0
160;99;207;98;207;100;207;99;206;101;207;99;208;99;207;99;206;101;207;99;207;98;206;99;206;102;206;100;206;98;206;98;206;101;205;100;204;100;206;99;205;102;205;99;205;99;205;98;205;100;205;96;205;99;205;98;205;101;205;99;206;97;205;97;204;100;205;98;204;98;206;98;206;100;205;99;205;99;205;99;205;102;204;99;204;98;204;99;204;101;205;99;204;98;204;99;206;101;204;99;204;98;203;99;204;101;203;99;204;100;204;98;205;101;204;99;203;99;206;100;204;100;205;99;206;99;204;100;205;102;205;98;206;98;204;99;204;102;204;98;205;100;204;98;205;101;206;99;205;99;206;98;206;101;204;100;205;99;205;98;205;0
Num of bad pixels in cols;0;0;0;0;0;0;0;0;0;0;0;0;0;0;0;0;0;0;0;0;0;0;0;0;0;0;0;0;0;0;0;0;0;0;0;0;0;0;0;0;0;0;0;0;0;0;0;0;0;0;0;0;0;0;0;0;0;0;0;0;0;0;0;0;0;0;0;0;0;0;0;0;0;0;0;0;0;0;0;0;0;0;0;0;0;0;0;0;0;0;0;0;0;0;0;0;0;0;0;0;0;0;0;0;0;0;0;0;0;0;0;0;0;0;0;0;0;0;0;0;0;0;0;0;0;0;0;0;0;0;0;0;0;0;0;0;0;0;0;0;0;0;0;0;0;0;0;0;0;0;0;0;0;0;0;0;0;0;0;0;
Number of deadpixels;0;Limit less than;11;;;;;;;;;;;;;;;;;;;;;;;;;;;;;;;;;;;;;;;;;;;;;;;;;;;;;;;;;;;;;;;;;;;;;;;;;;;;;;;;;;;;;;;;;;;;;;;;;;;;;;;;;;;;;;;;;;;;;;;;;;;;;;;;;;;;;;;;;;;;;;;;;;;;;;;;;;;;;;
Number of deadpixels in finger detect zones;0;Limit less than;1;;;;;;;;;;;;;;;;;;;;;;;;;;;;;;;;;;;;;;;;;;;;;;;;;;;;;;;;;;;;;;;;;;;;;;;;;;;;;;;;;;;;;;;;;;;;;;;;;;;;;;;;;;;;;;;;;;;;;;;;;;;;;;;;;;;;;;;;;;;;;;;;;;;;;;;;;;;;;;
Median for type1;201;Min;185;Max;215;;;;;;;;;;;;;;;;;;;;;;;;;;;;;;;;;;;;;;;;;;;;;;;;;;;;;;;;;;;;;;;;;;;;;;;;;;;;;;;;;;;;;;;;;;;;;;;;;;;;;;;;;;;;;;;;;;;;;;;;;;;;;;;;;;;;;;;;;;;;;;;;;;;;;;;;;;;;
Median for type2;99;Min;85;Max;115;;;;;;;;;;;;;;;;;;;;;;;;;;;;;;;;;;;;;;;;;;;;;;;;;;;;;;;;;;;;;;;;;;;;;;;;;;;;;;;;;;;;;;;;;;;;;;;;;;;;;;;;;;;;;;;;;;;;;;;;;;;;;;;;;;;;;;;;;;;;;;;;;;;;;;;;;;;;
Average for type1;201;;;;;;;;;;;;;;;;;;;;;;;;;;;;;;;;;;;;;;;;;;;;;;;;;;;;;;;;;;;;;;;;;;;;;;;;;;;;;;;;;;;;;;;;;;;;;;;;;;;;;;;;;;;;;;;;;;;;;;;;;;;;;;;;;;;;;;;;;;;;;;;;;;;;;;;;;;;;;;;;
Average for type2;99;;;;;;;;;;;;;;;;;;;;;;;;;;;;;;;;;;;;;;;;;;;;;;;;;;;;;;;;;;;;;;;;;;;;;;;;;;;;;;;;;;;;;;;;;;;;;;;;;;;;;;;;;;;;;;;;;;;;;;;;;;;;;;;;;;;;;;;;;;;;;;;;;;;;;;;;;;;;;;;;
Max type1 deviation;7;Limit;25;;;;;;;;;;;;;;;;;;;;;;;;;;;;;;;;;;;;;;;;;;;;;;;;;;;;;;;;;;;;;;;;;;;;;;;;;;;;;;;;;;;;;;;;;;;;;;;;;;;;;;;;;;;;;;;;;;;;;;;;;;;;;;;;;;;;;;;;;;;;;;;;;;;;;;;;;;;;;;
Max type2 deviation;4;Limit;25;;;;;;;;;;;;;;;;;;;;;;;;;;;;;;;;;;;;;;;;;;;;;;;;;;;;;;;;;;;;;;;;;;;;;;;;;;;;;;;;;;;;;;;;;;;;;;;;;;;;;;;;;;;;;;;;;;;;;;;;;;;;;;;;;;;;;;;;;;;;;;;;;;;;;;;;;;;;;;
Result;Pass;;;;;;;;;;;;;;;;;;;;;;;;;;;;;;;;;;;;;;;;;;;;;;;;;;;;;;;;;;;;;;;;;;;;;;;;;;;;;;;;;;;;;;;;;;;;;;;;;;;;;;;;;;;;;;;;;;;;;;;;;;;;;;;;;;;;;;;;;;;;;;;;;;;;;;;;;;;;;;;;
