Inverted Checker Board;;;;;;;;;;;;;;;;;;;;;;;;;;;;;;;;;;;;;;;;;;;;;;;;;;;;;;;;;
Row\Col;1;2;3;4;5;6;7;8;9;10;11;12;13;14;15;16;17;18;19;20;21;22;23;24;25;26;27;28;29;30;31;32;33;34;35;36;37;38;39;40;41;42;43;44;45;46;47;48;49;50;51;52;53;54;55;56;Number of bad pixels in Row
1;100;173;100;174;47;172;48;172;47;173;48;172;47;172;48;172;48;174;48;173;48;171;48;172;47;172;47;173;48;173;48;173;46;171;47;172;48;172;48;170;47;173;48;173;48;173;48;173;48;173;48;174;48;175;47;174;0
2;173;100;174;100;173;48;172;48;172;48;173;48;174;48;171;47;173;48;174;47;171;48;173;49;172;48;171;47;172;47;173;47;172;46;172;48;173;48;172;47;171;48;172;48;173;47;173;48;173;48;173;48;173;47;174;47;0
3;49;172;100;174;100;174;48;173;47;173;48;174;47;172;47;173;49;173;47;172;48;170;47;172;48;173;48;172;49;173;48;173;48;171;48;171;47;173;48;171;47;172;48;172;48;172;48;173;49;173;49;174;47;173;48;173;0
4;174;48;174;100;174;100;172;48;173;47;173;48;172;48;173;47;173;48;173;48;172;47;173;47;173;48;172;48;173;47;172;48;173;48;172;48;173;48;172;48;172;47;173;48;173;48;173;48;173;49;174;48;174;48;175;48;0
5;49;172;48;173;100;173;100;173;47;172;48;172;47;173;49;173;48;172;47;172;48;172;48;171;47;173;48;173;48;172;48;173;47;171;48;172;48;172;48;171;48;173;49;174;48;174;48;174;48;174;49;174;49;173;49;175;0
6;174;49;173;48;173;47;172;100;172;47;172;48;173;48;172;48;171;47;173;48;172;48;174;48;172;47;172;47;174;47;173;47;173;46;172;48;172;48;173;48;174;48;173;48;172;49;174;47;174;47;174;47;174;48;175;48;0
7;49;174;48;173;48;172;49;173;48;173;48;173;48;172;48;174;49;173;48;172;48;172;48;170;46;173;48;172;48;172;48;172;48;172;48;172;48;172;48;172;48;174;48;174;48;173;49;173;48;174;48;175;49;174;48;173;0
8;174;48;173;48;174;48;173;48;173;47;173;48;173;48;173;48;173;48;173;49;172;48;173;48;173;48;172;47;174;47;173;47;172;47;171;49;173;48;174;47;172;48;173;49;173;48;175;48;174;48;174;49;174;48;175;49;0
9;49;174;48;174;49;173;48;173;48;173;48;172;47;172;48;172;48;173;48;172;48;172;48;172;48;172;47;173;47;172;47;172;48;172;48;172;49;173;49;173;48;173;48;173;48;173;48;172;47;172;48;174;48;174;48;173;0
10;175;49;173;49;173;49;174;49;172;48;172;48;173;49;173;48;172;48;173;48;173;47;174;47;172;48;171;48;172;47;173;47;172;49;173;49;172;49;173;48;173;48;174;48;173;48;173;49;173;48;173;49;173;47;175;49;0
11;49;173;49;174;48;173;48;174;49;172;47;173;48;173;47;172;49;173;48;172;48;172;48;172;47;173;47;174;48;172;48;173;48;172;48;172;48;172;47;172;48;173;47;172;48;173;49;174;49;174;48;174;48;174;49;174;0
12;174;48;174;48;173;48;172;48;173;49;172;48;173;48;172;48;173;47;173;47;173;49;174;48;173;48;173;48;172;47;172;48;172;48;173;48;172;48;172;48;173;47;174;49;173;48;172;48;174;48;174;47;174;49;174;48;0
13;49;173;48;173;48;174;48;174;47;173;48;172;48;172;49;172;49;174;48;173;48;172;49;173;48;174;49;174;49;173;49;173;47;170;47;172;47;172;46;172;48;172;48;172;48;172;47;174;48;173;48;174;48;174;49;173;0
14;174;49;173;48;173;48;173;49;172;48;172;48;172;47;172;48;173;48;173;47;173;47;172;48;173;47;171;47;173;48;171;48;172;48;172;49;173;48;173;48;172;47;173;49;173;48;173;48;174;47;173;49;175;47;174;49;0
15;49;173;49;173;49;174;49;175;47;172;47;173;48;173;48;172;48;172;48;173;49;172;48;173;47;173;48;174;49;172;47;172;47;171;48;172;47;172;48;172;48;173;49;172;49;172;48;173;49;174;48;173;48;175;49;173;0
16;174;49;173;49;173;48;173;48;173;48;173;48;172;47;173;47;172;46;172;47;172;47;173;48;173;47;172;48;172;49;173;48;172;48;172;48;172;48;172;48;173;49;173;48;174;48;174;48;173;48;174;47;175;48;175;48;0
17;49;173;47;174;48;174;48;172;49;172;49;172;49;173;48;173;48;173;47;172;47;172;48;173;48;172;48;173;48;174;49;173;48;172;48;172;46;172;49;173;48;174;48;172;48;173;48;173;48;174;47;173;48;173;49;173;0
18;174;48;173;47;173;48;172;48;172;49;172;48;173;49;173;47;172;48;173;48;172;48;172;48;173;48;170;48;173;48;172;47;171;48;173;49;173;48;172;48;173;47;173;46;173;48;174;48;174;48;173;48;174;48;175;48;0
19;49;173;48;172;48;173;47;173;48;172;48;173;48;172;48;172;47;173;48;173;49;173;48;172;49;173;48;173;49;172;47;173;49;172;49;172;48;172;48;172;48;173;48;175;48;174;49;172;48;173;48;173;49;174;48;174;0
20;174;49;173;48;174;49;172;48;171;48;172;48;172;48;172;48;172;47;173;48;173;48;172;48;172;48;172;48;174;47;172;48;173;49;172;47;172;48;173;48;172;48;173;48;173;47;173;48;173;48;173;48;174;48;174;49;0
21;49;172;48;174;49;173;48;173;48;172;47;172;48;171;48;172;48;174;48;172;48;172;49;172;48;173;48;174;48;173;48;173;47;172;47;173;47;172;48;171;48;172;48;173;48;173;48;174;47;174;49;174;48;173;49;173;0
22;174;49;173;48;174;47;173;47;172;47;173;48;173;48;172;48;171;48;173;48;171;48;172;47;172;48;172;49;173;47;172;47;174;48;173;48;173;49;173;48;172;48;174;48;172;47;173;48;173;48;175;48;174;48;175;49;0
23;49;173;49;174;48;173;48;174;48;172;48;173;48;172;49;172;48;173;48;172;49;172;48;171;48;172;48;173;47;173;48;174;48;172;48;172;47;172;47;172;47;173;47;173;48;173;48;172;48;173;48;173;48;174;48;173;0
24;175;48;173;48;174;49;172;49;173;48;173;48;172;48;172;48;172;48;173;48;172;48;173;48;172;48;172;49;174;48;172;48;173;48;172;48;172;47;173;48;173;48;173;48;174;48;174;49;174;48;175;48;175;48;175;48;0
25;49;172;47;173;47;174;48;173;47;172;48;173;47;172;48;173;49;173;48;172;48;171;49;172;46;174;48;173;47;172;48;172;48;172;48;173;49;173;48;172;48;172;48;173;48;173;49;173;48;173;48;174;48;172;49;174;0
26;174;49;174;48;174;48;173;48;172;47;172;48;172;47;173;47;173;48;173;48;172;48;174;48;172;48;172;48;172;48;172;47;172;48;172;48;173;47;173;47;172;49;173;47;173;48;173;48;173;48;174;47;174;48;173;49;0
27;49;173;49;175;49;174;49;174;47;171;48;172;47;172;48;173;48;172;48;172;47;172;48;172;48;173;48;172;47;173;48;173;48;170;48;173;48;173;47;174;47;172;48;172;48;173;48;173;48;174;49;174;48;174;49;174;0
28;173;48;173;50;173;49;173;47;173;48;172;48;173;47;172;47;172;49;173;49;172;48;173;47;172;47;171;47;172;48;172;47;172;48;172;48;172;48;173;48;173;48;173;48;172;48;173;47;174;48;174;47;174;48;173;48;0
29;49;174;48;174;49;174;48;174;48;172;47;172;47;171;48;172;47;173;46;173;48;172;48;172;48;172;48;174;48;173;47;173;48;172;48;172;48;173;48;172;48;173;49;172;48;174;47;173;48;174;47;175;48;174;49;173;0
30;174;48;174;49;173;47;171;48;173;48;171;49;171;47;173;48;172;47;173;47;171;47;172;47;172;48;172;48;173;47;172;47;172;47;172;47;173;48;172;49;172;48;173;47;172;48;172;47;173;48;174;48;174;49;174;48;0
31;49;174;49;173;47;172;48;174;48;173;49;173;48;173;48;172;49;173;47;173;48;171;48;172;48;172;48;172;47;172;48;173;47;170;47;172;47;173;47;172;47;173;47;172;47;173;47;173;47;173;49;174;48;174;48;173;0
32;174;48;173;48;173;49;172;48;171;48;171;48;171;48;171;46;172;47;171;48;173;48;174;47;173;48;171;47;173;46;171;48;173;47;173;47;171;48;173;48;173;47;174;48;172;48;173;47;174;48;173;49;174;49;172;48;0
33;49;173;48;174;48;173;49;174;48;173;48;172;47;171;48;172;48;173;48;173;48;173;48;173;48;172;48;172;47;173;48;173;48;172;48;174;48;173;48;173;48;173;48;173;48;173;48;172;48;173;48;173;48;174;48;173;0
34;174;49;174;47;174;49;172;49;172;48;172;48;172;48;172;47;173;48;174;48;171;48;173;48;172;47;173;47;173;47;173;48;173;48;173;48;172;47;173;48;171;49;173;47;172;47;173;47;173;48;173;48;174;48;174;49;0
35;50;172;48;173;49;173;48;173;49;173;48;173;48;173;48;173;49;172;49;173;48;172;49;173;48;174;49;174;48;174;48;174;49;173;49;173;48;173;47;175;46;173;47;173;48;172;48;173;48;173;48;174;48;173;48;173;0
36;174;49;174;48;174;50;173;48;173;48;174;48;173;48;173;49;173;47;173;47;173;47;173;48;172;47;171;48;172;47;172;47;173;47;171;48;173;48;172;48;172;48;172;48;173;48;173;47;173;48;174;48;173;48;175;49;0
37;49;174;48;173;48;173;48;174;47;172;48;173;49;173;48;171;47;172;46;173;48;172;48;172;47;173;46;173;47;173;48;173;48;173;48;173;47;172;48;172;48;173;48;173;48;173;48;173;48;174;48;174;48;174;48;173;0
38;174;49;174;49;174;48;173;48;172;48;172;49;172;47;172;48;172;47;173;47;171;47;173;48;173;46;171;47;173;48;172;47;173;48;173;48;173;48;173;47;173;48;174;47;173;49;174;48;173;47;173;48;174;48;175;48;0
39;49;174;48;173;48;174;48;173;48;172;48;172;48;173;49;173;48;173;47;172;48;173;48;173;47;173;48;172;47;174;47;173;48;172;48;173;48;174;47;173;47;173;49;173;48;173;48;173;48;174;48;175;49;174;49;174;0
40;175;48;173;49;174;48;172;48;172;48;173;48;173;48;173;48;173;47;173;48;172;48;173;48;172;47;171;49;173;47;172;47;173;48;171;48;172;48;173;47;173;49;174;49;174;49;173;48;173;47;173;48;173;47;175;48;0
41;50;175;48;175;48;174;49;174;47;172;47;173;48;172;49;171;48;172;47;173;48;172;48;172;48;172;48;172;47;172;48;172;46;171;47;172;48;173;46;173;48;173;47;172;47;173;48;173;48;173;48;174;48;174;48;174;0
42;175;50;173;49;174;49;174;48;172;47;172;48;173;48;172;47;172;47;173;48;172;48;172;48;172;46;172;47;173;47;173;48;172;48;172;48;172;48;173;48;172;48;173;49;174;48;175;49;174;48;175;48;174;49;176;48;0
43;49;173;49;173;48;172;47;174;47;173;48;173;47;173;48;172;47;173;48;173;48;173;47;171;49;174;47;172;48;172;47;173;48;173;48;173;48;174;48;173;48;173;48;174;47;173;47;173;48;173;48;173;49;174;49;173;0
44;175;49;174;49;174;49;174;49;173;48;172;48;173;48;173;47;172;48;174;48;172;47;173;48;173;47;171;48;173;47;172;48;173;47;172;48;172;48;171;47;174;48;173;49;173;48;173;48;174;47;174;48;174;48;175;48;0
45;48;173;48;173;48;174;47;174;47;172;47;172;47;172;47;172;47;172;48;173;49;173;48;173;48;172;47;173;47;172;48;173;49;171;49;172;48;174;47;174;47;173;48;173;47;174;47;174;49;174;49;174;48;174;49;175;0
46;176;48;174;49;174;49;175;48;171;47;172;47;172;48;173;47;173;47;173;48;172;47;173;47;174;49;173;49;173;48;173;48;172;47;172;48;172;48;172;46;173;48;173;47;174;48;173;47;174;48;174;48;174;48;175;49;0
47;48;174;48;174;50;175;48;173;47;173;48;174;47;173;47;173;47;172;46;173;48;172;48;174;48;173;47;173;48;173;47;173;48;171;48;172;47;174;47;172;48;173;48;173;48;172;48;173;48;174;48;174;48;174;48;174;0
48;174;49;174;48;173;48;173;48;172;47;172;48;174;47;174;47;173;48;173;47;172;48;173;47;173;46;172;47;173;48;173;48;172;48;172;48;172;49;172;48;173;48;173;48;173;49;173;48;174;47;174;48;174;48;175;48;0
49;49;173;48;174;47;174;48;173;48;173;48;173;48;173;48;173;48;174;48;173;48;173;47;173;47;172;47;173;45;172;48;174;48;172;48;173;48;173;48;174;47;173;48;173;48;173;48;173;48;174;49;175;49;173;49;174;0
50;173;48;173;48;173;47;172;48;172;49;172;47;174;48;172;47;172;47;174;48;172;48;172;48;173;48;172;48;173;48;173;47;173;48;172;47;173;48;173;47;172;48;172;48;173;48;173;47;173;48;174;47;175;48;176;47;0
51;48;174;49;174;48;173;47;173;48;172;48;173;48;173;47;172;48;173;47;172;48;173;48;174;46;173;46;173;46;173;47;174;48;171;48;174;48;173;48;173;47;173;48;173;47;173;48;174;49;173;48;174;48;173;49;174;0
52;176;49;175;49;174;49;174;48;172;48;173;48;173;48;173;48;171;47;173;47;172;46;174;49;173;48;172;47;173;47;173;48;174;47;173;48;172;46;171;48;173;49;172;48;172;48;172;47;173;48;174;48;175;48;174;49;0
53;48;174;48;174;49;174;49;174;47;173;47;173;47;173;48;171;47;173;47;173;48;173;47;173;47;173;47;173;47;172;48;173;47;172;47;173;47;173;47;173;47;173;48;173;46;173;48;173;48;174;48;174;48;174;49;174;0
54;175;49;172;47;174;48;172;47;173;48;173;49;173;46;172;49;173;48;174;47;173;48;173;47;174;50;174;48;173;48;173;48;172;48;172;48;173;48;172;47;173;46;172;47;172;48;173;47;173;49;174;48;175;48;175;49;0
55;49;173;48;173;48;173;48;173;47;173;47;173;47;172;47;172;49;173;47;173;48;173;48;172;48;172;48;173;48;173;47;173;48;173;48;173;47;173;47;173;46;173;48;173;47;172;48;174;49;173;49;175;47;174;49;175;0
56;175;49;174;48;173;48;173;48;173;47;173;48;172;48;173;48;172;48;174;48;172;48;173;47;173;49;173;48;174;48;172;48;173;48;172;48;173;48;174;48;172;47;174;47;173;49;172;49;175;48;174;48;176;48;175;48;0
57;49;174;47;174;47;172;47;173;49;173;48;173;48;173;47;173;48;173;47;173;47;172;49;172;49;173;48;173;48;173;49;174;48;173;47;172;47;173;48;172;48;174;47;173;47;172;47;173;48;175;48;174;48;175;49;175;0
58;175;48;174;49;173;48;173;48;174;47;173;48;173;47;174;48;172;46;172;47;173;46;174;47;175;49;173;48;174;49;174;48;174;47;173;48;173;48;172;48;173;47;173;48;174;49;174;48;174;48;174;48;174;49;174;48;0
59;50;174;48;174;48;173;48;174;48;174;48;175;49;173;47;175;48;173;48;173;48;173;48;173;47;174;46;173;47;172;47;172;47;173;48;173;48;174;48;174;47;173;48;172;48;173;48;173;47;173;47;174;48;174;47;173;0
60;175;49;175;49;174;48;174;48;174;47;173;47;174;48;173;47;174;48;173;48;173;47;174;48;172;48;172;47;173;48;172;47;173;47;172;47;173;48;173;48;173;47;173;48;173;48;173;48;172;47;174;48;174;47;175;49;0
61;49;176;48;175;49;174;48;174;48;174;48;173;49;172;48;174;48;173;48;173;48;173;47;174;48;173;47;173;47;173;48;173;47;172;48;174;47;172;47;173;47;174;47;174;47;174;48;174;48;173;47;175;48;174;49;175;0
62;175;49;174;49;174;48;172;49;174;48;173;49;173;47;173;48;174;49;173;47;174;48;173;49;172;47;174;47;173;48;173;48;172;47;173;47;174;48;173;48;173;47;174;48;174;48;174;48;173;47;174;48;174;48;175;47;0
63;48;174;49;174;48;173;47;174;48;173;48;173;47;173;48;173;47;173;47;173;47;171;48;172;47;172;47;172;47;172;48;173;47;173;48;173;47;172;47;173;48;174;49;174;48;174;46;174;49;174;47;174;48;174;47;175;0
64;175;49;173;47;174;48;173;47;173;49;174;48;172;47;174;47;173;48;173;47;173;48;174;47;173;48;174;48;173;48;173;48;175;48;172;48;175;47;174;48;172;47;174;47;172;47;174;49;174;47;174;49;174;48;175;49;0
65;48;174;49;174;48;174;47;174;48;173;48;172;47;173;48;172;48;173;48;174;47;172;47;172;47;173;48;172;47;174;48;173;47;174;48;173;48;173;48;174;48;173;47;174;48;174;48;174;48;175;49;175;48;175;48;176;0
66;173;48;173;49;173;48;173;48;173;50;173;48;173;48;174;47;174;47;174;48;172;46;174;47;174;47;173;48;174;46;175;47;174;48;173;47;173;48;173;48;172;48;174;47;173;48;173;47;174;48;174;48;175;48;175;48;0
67;47;174;48;174;47;173;48;174;48;173;49;173;47;173;47;173;47;173;47;172;47;172;47;173;48;173;48;173;47;174;47;173;47;173;48;173;47;173;48;173;47;174;48;174;48;174;47;173;47;174;48;174;49;174;48;175;0
68;174;48;174;49;173;48;173;48;174;47;173;47;173;48;173;48;172;47;174;48;174;48;173;48;174;48;173;48;174;47;173;47;173;49;173;46;174;48;175;48;173;47;173;48;173;47;174;48;174;47;175;48;175;49;175;48;0
69;49;175;49;174;49;174;48;174;46;172;47;173;48;173;47;173;48;173;47;173;48;172;48;173;47;174;48;174;48;172;48;174;47;172;48;173;47;172;47;172;48;174;48;173;48;173;49;174;47;173;48;174;48;175;49;174;0
70;176;48;174;49;175;48;174;48;173;47;173;48;173;48;172;48;173;47;174;47;174;48;173;47;173;48;174;47;173;48;173;48;174;46;173;48;173;48;172;46;174;48;174;48;172;47;174;49;174;47;174;48;176;48;176;48;0
71;49;174;48;175;49;174;47;174;47;173;48;174;47;173;48;173;46;173;47;172;47;173;48;172;47;174;47;174;48;174;47;174;48;173;47;173;48;174;47;173;48;174;48;174;48;174;48;173;48;174;49;175;48;175;48;175;0
72;176;49;175;49;175;49;174;49;174;49;173;49;174;48;174;48;174;48;173;47;173;48;174;48;174;47;173;47;173;47;173;46;173;47;174;48;174;48;174;47;174;48;175;47;175;47;174;47;175;48;175;48;175;47;175;49;0
73;50;175;48;175;47;173;48;174;48;172;48;172;47;173;47;174;48;175;48;174;49;173;49;175;48;174;48;173;47;174;47;173;47;173;47;172;47;174;47;173;49;173;48;174;47;174;47;174;49;175;48;174;48;175;49;175;0
74;175;49;175;47;173;48;173;48;172;47;172;47;173;47;172;48;173;48;172;47;173;47;173;48;173;47;173;47;173;47;174;47;171;47;174;47;173;48;173;48;174;47;174;48;174;48;174;48;174;48;175;48;174;49;175;49;0
75;49;175;49;175;48;174;49;174;47;174;48;173;47;173;47;173;48;173;48;174;48;174;49;174;48;174;47;173;48;175;48;174;47;172;48;174;46;174;47;173;47;174;47;175;47;174;48;174;48;174;48;175;47;174;47;176;0
76;176;47;175;48;174;47;174;48;172;47;173;48;173;47;173;47;172;46;173;48;173;47;173;49;173;46;172;48;172;47;173;47;173;47;173;47;173;48;173;47;174;48;174;48;174;48;174;48;175;49;174;48;177;48;175;48;0
77;48;175;49;175;47;173;47;175;47;173;47;174;48;172;47;173;49;174;47;174;48;174;48;174;47;174;47;174;47;173;47;174;48;173;48;173;48;174;47;173;48;174;49;175;48;174;47;175;47;175;49;175;50;175;49;175;0
78;174;49;176;49;174;47;174;48;174;48;173;47;174;46;174;50;173;48;174;47;173;46;173;48;173;48;173;47;175;48;173;47;175;49;174;49;174;48;175;49;173;47;174;47;174;48;174;46;174;48;175;49;176;48;174;48;0
79;49;174;48;175;47;173;48;174;47;173;47;173;46;173;47;173;47;173;47;172;47;173;47;173;47;174;48;173;46;174;49;173;47;172;47;173;47;173;48;174;47;173;47;174;47;174;47;173;47;174;48;175;50;175;48;176;0
80;175;47;174;49;174;49;173;48;174;48;174;48;173;48;173;48;174;46;173;47;174;47;173;48;174;48;173;47;174;48;174;48;174;48;174;47;174;49;173;48;173;48;174;48;174;47;174;48;174;47;175;47;176;48;176;48;0
81;50;174;48;175;48;173;49;173;49;174;48;173;48;174;48;174;47;174;48;173;48;174;48;173;48;173;47;174;48;174;48;173;47;173;48;173;46;173;46;173;50;176;47;174;48;174;47;175;48;175;47;175;47;174;47;176;0
82;175;48;175;48;175;48;174;48;172;47;172;47;174;48;173;47;173;47;174;47;172;47;173;47;174;47;174;48;174;48;174;48;175;48;173;48;173;47;173;47;174;46;173;48;173;47;174;48;174;46;174;47;174;48;174;48;0
83;49;174;48;175;49;176;49;174;48;173;48;174;47;174;48;175;48;174;47;174;47;174;47;174;48;174;47;174;47;174;48;173;48;173;49;174;46;174;48;175;48;174;47;174;47;174;48;174;47;175;48;175;49;174;49;176;0
84;175;48;173;49;173;49;174;48;174;49;173;48;173;48;174;47;174;46;173;48;173;46;173;48;172;46;172;47;173;47;173;46;173;46;173;48;173;48;172;48;174;47;174;48;174;48;174;48;176;49;176;48;175;48;175;48;0
85;48;174;47;174;47;174;48;174;47;173;47;173;48;174;48;174;48;174;47;174;48;173;47;174;46;175;49;174;48;174;47;174;47;173;47;173;47;174;46;173;48;173;47;174;46;175;46;173;48;173;48;175;48;175;48;174;0
86;176;48;175;48;174;48;173;49;173;47;174;48;173;47;174;47;173;47;173;47;173;46;173;48;173;46;173;47;174;47;173;47;174;48;174;47;175;48;173;48;174;49;174;47;175;47;175;49;174;48;175;48;175;47;177;48;0
87;50;175;49;175;48;175;48;174;48;173;48;174;46;173;47;174;48;174;47;173;47;175;47;172;48;174;49;175;48;174;48;174;47;173;47;173;47;174;46;174;47;175;47;174;46;175;47;173;48;175;47;175;48;175;48;175;0
88;177;49;175;49;175;47;174;48;174;47;174;49;174;48;174;48;174;48;174;48;174;48;175;49;173;48;174;48;175;47;172;48;174;46;174;47;173;48;173;47;173;47;174;47;174;47;175;47;174;47;175;47;175;47;176;48;0
89;49;175;48;175;48;174;49;174;47;173;49;174;47;173;48;174;48;174;47;172;47;174;47;173;46;173;48;174;48;174;48;173;46;173;47;173;48;173;48;173;48;174;47;174;48;174;47;174;49;174;47;176;48;176;48;176;0
90;176;48;174;47;174;47;173;49;174;48;172;47;172;46;173;47;174;47;175;48;173;47;175;48;175;48;174;48;174;48;174;48;174;47;173;47;173;47;173;46;173;46;175;46;174;47;174;47;174;48;174;48;176;48;176;48;0
91;49;175;47;174;47;173;48;173;49;175;47;173;47;174;47;175;49;173;47;174;48;174;47;175;47;175;48;175;48;173;47;175;47;174;49;174;48;175;50;174;46;174;47;174;47;175;47;173;48;174;47;175;47;175;48;175;0
92;174;47;174;47;174;48;174;47;173;48;175;48;175;48;174;47;174;47;174;46;174;47;174;47;174;48;174;49;175;47;174;47;174;48;173;48;175;48;174;48;175;48;174;49;174;49;175;49;174;48;174;49;175;48;175;47;0
93;48;174;46;174;47;175;46;174;49;173;47;174;48;174;48;174;47;174;46;174;47;175;48;173;47;175;47;174;47;175;45;173;47;173;48;174;48;174;47;173;46;175;49;174;48;175;48;174;49;175;48;175;48;175;48;177;0
94;175;48;175;50;173;47;174;48;173;47;173;48;172;46;172;47;175;48;174;48;174;46;175;49;174;48;174;48;174;48;174;47;174;47;175;48;174;47;175;48;174;48;174;47;174;48;175;48;175;47;174;48;175;48;176;48;0
95;48;175;48;174;49;174;49;174;46;174;48;173;48;173;47;173;48;174;48;174;47;175;48;174;48;174;47;173;47;173;48;175;48;173;47;174;47;174;48;172;47;175;48;176;48;175;47;175;47;176;49;175;49;176;48;175;0
96;175;49;175;48;175;48;175;49;175;48;173;48;173;49;174;47;174;47;173;49;174;48;174;48;174;47;174;49;174;46;174;48;173;47;173;47;172;47;174;46;174;48;174;47;174;47;175;46;175;47;174;47;177;48;176;49;0
97;48;174;47;174;48;175;49;175;48;173;46;174;48;173;46;173;48;174;47;174;47;175;48;174;48;176;48;174;48;174;48;175;47;175;47;175;47;174;47;175;47;174;47;174;47;174;47;174;49;176;48;175;48;176;48;176;0
98;176;49;177;48;175;49;175;48;174;46;174;47;174;47;174;47;174;47;174;46;175;47;174;47;174;47;174;46;173;48;173;47;174;47;175;46;173;47;175;47;174;48;174;46;175;48;175;48;175;48;175;48;176;48;176;48;0
99;47;175;47;175;47;174;47;174;47;173;47;174;47;174;47;175;48;175;48;174;47;175;47;175;48;174;47;174;47;174;47;173;48;175;47;174;48;173;48;174;46;174;48;175;47;174;49;174;48;175;47;176;48;176;50;175;0
100;175;47;176;48;174;47;175;48;173;47;174;47;173;47;174;47;175;47;175;47;175;48;175;49;173;48;174;48;174;45;174;46;173;47;173;47;173;47;174;47;175;49;175;48;174;49;175;47;175;47;174;47;175;47;174;46;0
101;50;176;47;176;50;176;50;176;47;174;46;175;49;173;47;175;45;174;46;172;47;173;47;173;48;175;46;173;47;175;47;174;47;174;47;175;48;174;48;175;47;176;49;175;48;174;48;175;48;174;47;175;48;174;47;176;0
102;176;48;176;48;175;47;175;47;175;48;175;48;174;48;174;48;173;47;174;47;175;47;174;47;175;46;174;46;175;46;173;46;174;47;174;47;175;48;174;47;174;46;175;47;174;47;174;47;174;48;176;48;177;48;176;48;0
103;49;175;48;176;48;175;48;175;47;174;47;174;46;175;46;174;49;175;47;174;48;175;49;175;47;175;48;174;47;175;48;175;47;175;47;175;47;175;47;175;47;174;48;175;47;175;48;175;49;175;49;177;48;175;48;176;0
104;176;48;176;47;175;49;174;48;175;48;176;48;174;48;175;48;174;47;173;48;174;48;176;48;174;47;172;47;174;46;174;46;175;48;174;47;174;48;174;48;174;48;174;47;174;47;175;47;176;47;175;47;174;46;176;48;0
105;48;176;47;175;48;176;46;175;48;175;47;174;47;174;47;175;47;175;46;174;47;174;47;174;46;174;48;174;46;175;48;174;47;174;47;173;46;173;47;174;48;174;47;175;47;175;48;175;47;175;48;175;48;176;48;176;0
106;176;49;175;49;176;49;174;48;176;47;174;46;174;48;174;47;174;47;175;48;175;47;174;48;174;46;173;46;175;45;173;47;174;47;175;46;174;47;175;47;175;48;175;48;174;49;175;48;174;48;173;47;176;48;176;47;0
107;47;175;47;175;48;175;48;175;47;173;46;174;47;174;46;174;48;175;47;175;48;175;48;175;47;176;47;175;48;174;48;175;49;174;46;176;46;174;47;175;48;175;48;174;48;175;47;175;46;176;47;175;48;175;47;176;0
108;177;48;175;48;175;48;175;48;175;45;175;48;173;47;174;48;175;47;175;47;175;47;175;47;175;47;175;47;174;49;175;47;173;49;174;48;174;47;175;46;174;48;175;48;176;47;175;47;175;47;174;48;175;48;175;48;0
109;50;175;46;175;48;175;48;173;47;175;46;175;47;174;46;175;48;175;47;175;46;175;47;175;47;176;48;175;48;174;48;174;46;174;46;174;46;174;46;172;48;175;48;175;48;175;48;176;47;175;47;175;48;175;48;176;0
110;177;48;176;49;176;47;176;47;174;47;175;47;174;48;174;46;173;46;173;46;174;47;174;46;175;48;174;46;173;47;175;47;174;48;173;47;176;48;175;46;174;48;174;47;176;48;176;48;174;47;176;48;175;47;176;48;0
111;49;175;48;176;47;174;48;175;47;174;47;172;46;174;46;174;48;175;47;174;47;173;47;174;47;174;48;174;47;175;47;174;48;174;49;174;48;176;46;175;47;174;46;175;47;174;48;176;48;175;47;175;48;175;48;176;0
112;175;47;175;48;176;46;174;46;174;47;174;48;175;47;174;47;174;48;175;48;175;47;175;47;174;47;175;47;174;45;174;46;173;46;175;46;173;46;174;46;174;48;175;46;175;49;177;48;176;48;176;48;176;48;177;48;0
113;48;176;47;174;48;174;48;175;48;174;47;175;47;175;47;176;48;173;46;175;47;174;46;174;48;175;47;175;48;174;48;175;48;176;48;175;48;175;49;176;47;176;48;175;46;175;48;175;46;175;47;175;46;176;47;175;0
114;176;48;176;49;175;48;175;47;173;46;174;47;174;47;174;47;175;47;175;46;175;46;175;49;175;47;176;47;175;47;175;47;175;46;174;48;174;46;173;47;175;47;175;47;174;47;175;48;175;46;175;47;176;47;177;47;0
115;48;174;47;175;46;176;48;175;48;175;48;174;48;175;46;176;47;175;46;176;48;174;48;174;47;177;48;176;48;174;48;176;48;175;47;176;47;175;46;174;46;174;47;174;47;174;46;174;48;175;48;176;47;176;47;176;0
116;176;47;176;47;175;47;175;48;174;48;174;47;174;47;176;46;174;48;175;48;175;48;176;48;174;47;175;46;174;47;173;46;175;47;175;48;177;47;175;48;175;48;176;47;176;48;176;48;177;47;176;48;176;48;177;48;0
117;50;176;48;176;48;175;47;175;46;173;46;175;46;174;47;174;47;174;47;176;46;174;47;175;47;175;48;174;48;175;48;175;47;175;47;174;47;175;46;174;47;175;48;175;48;175;46;175;47;176;47;176;47;175;47;177;0
118;177;48;175;48;175;46;175;47;176;46;175;48;174;47;174;47;175;48;175;48;175;47;176;47;175;46;174;47;173;46;175;47;173;47;175;48;176;47;175;48;176;46;175;48;174;48;176;47;176;47;176;47;176;47;176;48;0
119;47;175;48;175;46;175;48;175;46;174;48;175;47;174;46;176;47;175;48;176;47;175;48;175;47;176;47;175;48;176;46;175;47;174;47;174;46;175;46;174;48;175;48;176;47;176;48;176;47;175;47;175;48;176;48;177;0
120;178;49;176;49;176;47;176;48;173;47;174;48;174;45;175;47;175;47;174;47;175;47;175;46;175;47;174;47;175;47;175;48;176;47;175;47;176;47;175;48;174;47;174;46;175;47;176;46;174;46;174;48;177;47;174;48;0
121;48;176;47;175;48;175;47;176;49;175;47;175;48;175;48;177;48;176;48;175;48;177;48;176;47;175;47;174;47;173;46;175;48;175;48;175;47;175;47;176;49;175;47;175;46;175;48;174;48;176;47;176;49;176;48;177;0
122;177;48;177;48;175;48;175;49;174;47;174;48;175;47;173;48;175;48;177;46;175;47;176;46;174;48;174;46;175;47;174;47;175;47;175;48;175;47;175;47;176;47;175;48;175;48;175;47;175;47;175;48;177;48;176;48;0
123;50;175;46;175;48;175;48;175;47;174;47;174;47;176;46;176;46;174;47;173;48;175;46;175;48;176;48;175;46;176;47;175;47;175;47;175;46;175;48;173;47;175;48;175;48;175;47;174;48;175;48;176;48;176;48;176;0
124;176;47;174;46;175;46;175;48;175;46;175;48;175;47;176;47;174;48;176;47;175;46;174;48;176;48;176;47;176;47;175;47;175;47;175;47;176;47;176;48;175;47;175;48;176;48;176;48;175;46;175;47;176;47;176;47;0
125;48;176;47;177;48;175;47;176;47;175;46;175;48;176;46;176;47;175;47;175;47;176;48;176;47;175;47;175;47;174;46;176;46;175;46;175;47;176;46;176;47;176;48;175;48;176;47;177;47;176;47;176;47;176;48;177;0
126;177;49;176;48;176;48;176;48;174;47;174;47;175;47;175;46;175;47;175;47;175;47;177;48;175;47;176;48;175;48;176;48;175;46;175;47;174;45;174;46;175;48;177;47;175;47;177;48;176;47;176;48;177;49;176;47;0
127;49;176;49;177;49;176;48;175;47;176;47;175;47;176;47;175;46;175;47;174;47;175;47;174;46;175;46;176;47;175;46;175;46;176;47;175;45;175;46;175;48;175;49;176;49;176;46;175;47;176;48;177;46;176;47;176;0
128;177;49;177;48;175;48;175;47;175;46;174;47;175;47;175;46;174;47;174;46;174;46;176;47;175;46;174;48;174;47;174;47;176;47;175;47;175;46;175;48;174;46;175;47;174;48;174;47;176;47;176;48;176;48;176;48;0
129;47;177;48;176;48;175;48;174;47;174;47;176;46;176;46;175;48;176;46;175;47;176;47;174;46;175;46;174;46;176;45;174;48;175;48;175;47;175;47;176;48;175;48;176;47;175;47;175;47;176;47;177;46;176;48;178;0
130;176;47;176;47;176;47;176;48;175;47;174;47;176;46;177;48;176;46;176;48;176;48;175;47;175;47;176;47;175;45;175;47;173;47;175;46;174;47;174;47;176;48;175;47;176;48;176;48;175;46;175;47;175;47;175;48;0
131;47;176;48;175;47;175;47;177;47;176;48;174;47;175;48;175;47;175;46;176;47;175;47;176;46;176;48;175;47;175;47;176;46;175;47;174;47;174;48;175;47;175;48;176;46;176;48;174;48;176;47;176;46;176;47;177;0
132;178;48;176;49;175;48;176;48;176;47;176;48;175;47;176;47;175;46;175;46;174;46;176;46;175;47;175;47;176;46;173;47;175;47;175;46;175;48;176;46;175;48;176;47;175;47;175;46;175;46;175;48;177;47;177;47;0
133;48;176;47;175;47;175;46;174;47;176;47;176;47;176;46;176;47;176;46;175;48;175;47;175;47;176;46;176;47;175;45;174;47;175;48;176;48;175;47;176;48;177;48;177;48;177;47;177;48;175;47;177;47;177;47;176;0
134;178;48;177;48;177;49;177;47;176;44;176;45;174;46;175;47;175;47;175;47;175;47;176;46;175;47;175;48;175;46;175;47;176;46;175;46;175;45;176;47;176;48;176;48;176;49;175;48;177;46;176;48;177;47;177;48;0
135;47;176;47;177;46;176;47;175;47;175;48;177;47;174;47;176;47;176;47;175;47;176;46;176;46;177;47;174;48;174;47;176;48;175;47;176;46;175;45;175;47;176;48;175;46;175;47;176;47;177;49;177;47;177;48;177;0
136;176;48;176;46;176;46;177;47;176;45;175;46;175;46;175;47;175;47;175;48;175;47;176;48;176;47;177;47;175;46;174;47;177;48;176;48;175;48;176;47;174;47;175;47;175;48;174;45;175;47;176;48;176;46;177;47;0
137;46;176;47;176;45;175;45;175;48;175;47;176;48;175;47;177;47;177;46;176;47;177;48;175;46;176;47;176;47;175;47;175;49;177;48;175;47;177;48;176;47;176;48;177;47;176;46;176;48;176;49;176;46;176;47;177;0
138;178;48;175;48;177;47;176;48;175;47;175;47;175;48;175;47;177;46;176;47;176;47;176;48;176;45;175;47;176;46;176;47;177;47;175;48;175;48;176;46;177;47;176;47;177;47;177;46;177;48;175;49;177;48;177;48;0
139;47;177;48;176;47;175;47;175;46;176;47;175;46;175;46;175;48;177;47;176;48;176;48;177;47;177;48;176;47;176;48;174;47;176;48;176;47;175;47;176;49;177;48;176;48;176;48;177;48;177;48;177;47;177;47;179;0
140;178;48;177;47;177;48;176;48;177;47;177;47;176;47;176;47;177;48;176;48;176;47;175;48;177;47;176;49;176;47;175;47;176;46;176;47;177;47;177;47;177;48;177;47;177;47;177;48;176;48;177;47;177;48;178;48;0
141;49;176;46;176;47;176;47;175;47;175;48;175;47;176;46;175;46;176;47;176;46;177;49;176;46;177;46;176;47;175;47;175;47;175;47;175;47;176;48;174;47;176;48;176;46;176;47;176;47;177;46;176;48;177;47;177;0
142;178;47;178;45;177;47;176;47;176;47;177;48;176;48;176;48;176;46;177;48;176;46;177;47;176;47;175;47;176;46;176;46;176;46;176;46;178;48;177;47;176;46;175;46;175;48;175;47;176;47;176;47;178;47;177;48;0
143;48;176;47;175;47;175;46;175;46;175;47;175;47;175;47;176;48;177;47;176;48;177;48;176;46;177;48;177;47;176;47;177;47;175;47;175;46;176;45;176;46;176;48;176;47;176;47;176;48;178;48;177;46;178;48;177;0
144;178;48;178;48;178;46;177;48;176;47;176;47;177;48;176;47;175;47;177;47;176;46;176;47;175;46;176;47;176;46;176;46;177;46;176;47;177;49;175;47;177;48;177;47;177;48;178;47;178;47;176;47;178;46;177;48;0
145;48;177;47;177;46;176;48;177;48;177;48;178;48;179;47;177;48;176;47;176;47;176;47;176;46;177;47;177;47;176;46;178;48;176;47;177;46;176;48;176;46;176;48;176;47;177;48;176;47;176;47;176;48;176;48;176;0
146;178;49;176;47;177;48;178;47;176;47;178;47;175;47;176;47;177;47;176;46;177;47;177;48;176;46;178;48;177;46;175;48;176;46;175;46;174;46;174;47;177;46;177;46;176;47;176;46;177;47;176;49;177;48;177;47;0
147;49;177;47;178;47;176;45;176;46;177;47;175;47;176;46;176;48;177;46;176;48;177;47;176;47;177;46;177;47;176;47;176;47;176;46;176;48;177;47;177;47;176;46;177;47;176;47;175;46;176;47;177;47;178;47;177;0
148;178;48;177;48;177;46;176;48;175;47;176;47;175;46;176;47;177;46;177;47;177;47;177;49;178;46;176;47;176;48;176;47;175;45;175;46;174;46;175;46;177;46;178;48;177;47;177;47;176;47;176;47;177;47;178;48;0
149;46;176;46;178;45;177;47;176;46;175;47;177;45;176;46;176;47;176;46;176;47;176;49;177;46;178;47;177;47;176;48;176;47;175;47;176;46;176;46;175;46;177;47;178;46;177;46;175;47;177;48;178;46;177;47;177;0
150;178;47;177;46;176;48;176;47;177;47;176;48;177;47;177;46;175;46;177;46;175;45;177;46;177;47;176;47;177;47;175;47;175;47;176;46;175;46;177;47;175;46;177;46;177;49;178;47;178;47;178;48;178;49;176;47;0
151;48;178;46;177;47;176;47;176;47;176;48;175;46;176;45;176;48;176;47;176;47;176;47;176;46;177;46;176;45;175;47;176;48;177;48;178;47;178;47;177;46;176;46;178;46;176;46;177;47;176;47;178;47;179;47;177;0
152;179;46;177;48;176;47;177;49;176;46;177;47;176;46;176;46;177;46;178;46;177;46;178;46;177;45;177;47;176;46;176;45;177;46;176;47;176;47;175;46;176;47;177;47;177;46;176;47;177;48;179;47;177;47;177;48;0
153;48;178;47;176;46;176;47;177;47;177;46;176;48;176;47;178;49;176;46;177;47;177;46;177;47;178;48;177;47;177;46;176;46;177;46;176;47;176;46;176;46;176;47;178;47;177;47;176;48;176;48;178;48;178;48;178;0
154;177;47;177;46;176;46;177;47;176;47;177;46;176;47;175;46;176;47;175;45;177;46;176;46;177;46;177;46;176;46;175;47;178;46;176;46;177;47;176;45;177;47;176;46;177;49;177;47;178;47;178;49;178;48;179;48;0
155;47;178;48;176;47;177;47;176;47;176;47;176;46;176;48;178;46;176;45;176;47;177;47;177;47;177;46;176;47;176;47;175;47;178;47;175;46;176;45;177;48;178;45;177;47;178;48;178;46;177;47;178;46;177;47;178;0
156;178;47;178;48;177;45;177;46;176;47;177;46;177;47;177;48;177;46;176;46;175;45;177;47;178;48;178;48;178;47;178;48;177;47;176;48;177;46;177;47;176;44;177;45;176;47;177;45;177;47;177;46;178;47;179;48;0
157;48;179;47;178;47;178;46;178;46;177;46;175;47;177;46;176;47;177;48;176;46;176;47;178;45;177;48;175;47;177;46;176;46;177;46;175;47;175;45;176;47;176;47;177;46;176;47;177;48;179;47;177;48;178;48;180;0
158;179;46;177;48;178;49;179;47;177;47;177;48;177;46;176;46;177;47;176;47;176;48;177;47;176;47;177;48;177;46;178;46;176;48;177;46;178;47;178;46;177;48;176;46;177;47;178;47;179;45;177;46;178;47;177;46;0
159;46;176;46;178;46;177;48;176;47;176;47;177;45;176;47;177;46;177;48;177;48;177;48;177;47;177;47;177;47;177;46;177;48;177;47;176;49;176;48;176;47;177;47;176;47;176;47;177;47;178;48;179;48;178;49;178;0
160;179;46;178;47;177;47;178;46;177;46;176;46;177;46;176;46;178;47;177;44;176;46;176;47;177;47;177;47;177;47;176;46;177;46;177;47;177;46;176;46;177;47;176;47;177;47;177;46;178;46;177;46;178;47;178;47;0
161;47;177;46;179;46;177;47;177;47;176;46;177;48;176;47;178;47;177;46;176;47;177;48;178;47;176;45;177;48;178;46;177;46;177;46;177;46;177;46;175;47;178;47;178;47;176;46;177;49;177;47;178;48;178;46;179;0
162;177;46;176;46;176;45;177;46;177;47;176;47;178;46;176;47;175;45;176;47;178;46;179;47;177;46;177;48;177;48;177;47;177;45;177;44;177;47;177;46;177;46;178;47;177;48;176;48;179;47;177;48;180;48;179;49;0
163;47;177;47;177;46;177;46;176;47;176;48;176;47;178;47;178;48;177;47;178;47;178;48;178;46;177;47;176;46;178;48;177;47;179;45;176;47;176;45;176;46;176;46;177;47;177;46;177;47;176;46;178;46;177;46;179;0
164;179;48;179;47;177;46;179;47;177;46;177;47;177;47;178;47;179;46;177;47;178;48;177;47;178;46;179;47;177;45;175;46;177;45;176;46;177;47;177;46;177;47;178;46;178;47;178;46;179;47;177;47;178;47;177;47;0
165;46;177;45;178;47;175;47;177;47;178;45;178;46;177;47;178;47;180;45;179;48;178;47;177;47;178;44;179;46;177;47;177;47;177;45;177;46;176;46;176;45;176;46;176;45;176;44;177;47;178;47;179;46;179;47;178;0
166;179;47;177;47;179;46;179;48;177;46;178;47;175;46;177;48;177;47;178;47;178;46;178;46;178;46;177;46;177;45;177;45;177;47;178;47;177;46;177;45;180;47;177;46;178;48;177;48;179;47;179;48;179;48;180;48;0
167;49;178;47;179;46;177;48;178;47;177;46;177;47;177;48;177;48;177;47;177;47;178;47;178;47;178;46;178;47;177;47;178;46;177;46;176;47;176;48;178;47;179;48;178;48;177;46;178;48;177;47;180;46;178;48;179;0
168;179;47;178;46;178;46;178;46;179;46;179;49;179;47;179;46;177;45;178;47;178;47;178;46;179;46;177;46;177;46;177;47;178;45;177;46;177;46;176;46;178;46;179;46;178;46;179;46;178;46;181;48;179;47;179;48;0
169;48;180;46;180;48;177;47;178;46;177;46;178;45;178;46;177;48;179;47;177;47;178;48;178;47;178;47;178;47;177;45;178;48;177;47;177;47;177;45;177;46;177;46;178;46;176;46;177;47;179;47;178;48;180;47;180;0
170;177;47;178;47;178;45;178;46;179;46;178;47;178;47;178;47;178;44;178;46;178;47;178;46;179;46;180;46;177;46;177;47;179;48;177;47;178;47;177;46;177;48;177;48;179;47;178;47;177;48;179;46;179;48;179;48;0
171;46;179;47;178;45;179;47;178;46;178;46;178;45;178;45;179;47;178;45;178;47;177;47;179;48;179;47;178;47;179;47;178;46;177;45;177;46;178;46;177;47;179;47;177;47;180;47;178;48;179;46;179;46;181;46;180;0
172;179;47;179;47;178;47;178;47;178;46;178;47;178;45;178;47;181;47;179;47;179;48;179;49;179;46;177;48;180;46;177;46;180;48;179;47;179;47;178;47;178;48;179;48;178;48;178;47;180;47;179;47;180;48;179;47;0
173;48;179;47;180;46;179;47;178;47;179;46;179;47;178;46;178;48;179;46;179;47;178;45;178;45;178;46;178;47;177;47;178;46;179;47;178;47;176;47;177;46;179;47;178;47;180;47;177;47;179;46;179;49;179;45;179;0
174;179;49;180;48;179;47;178;48;178;44;177;46;177;46;178;46;178;46;179;46;177;47;179;48;178;46;179;46;178;46;177;47;180;47;178;48;179;48;178;48;179;47;179;47;177;47;177;47;179;47;180;48;180;48;180;48;0
175;47;180;48;179;47;179;47;179;46;179;48;179;46;178;46;179;46;180;47;178;47;179;48;178;46;179;47;179;46;178;45;178;47;178;48;178;46;177;46;178;47;179;48;179;47;180;48;178;46;178;48;180;47;180;46;181;0
176;180;47;179;46;179;46;179;47;178;45;178;46;178;46;177;46;178;45;178;45;178;46;179;46;178;46;178;46;177;46;178;47;179;46;178;46;178;46;179;47;178;46;179;47;179;47;179;47;179;47;179;48;181;47;180;47;0
177;45;179;46;179;45;177;46;179;48;182;48;180;48;179;47;179;46;178;48;177;47;179;47;178;47;179;47;179;46;181;46;178;46;177;45;179;46;178;45;178;47;179;47;178;46;178;47;179;47;179;47;180;46;179;47;179;0
178;179;47;178;47;180;48;179;48;178;46;178;46;179;45;178;48;178;46;179;46;178;46;180;45;178;47;178;48;179;44;178;46;177;46;178;48;178;46;177;46;177;46;180;46;179;46;178;47;179;47;179;46;178;47;180;47;0
179;46;177;47;178;46;179;45;176;47;178;46;179;47;177;45;179;46;179;46;178;47;179;46;179;47;178;46;178;46;178;45;178;46;179;47;180;48;179;47;179;47;179;47;179;48;180;46;180;47;177;47;178;44;180;47;178;0
180;180;47;181;48;180;47;179;48;178;46;178;47;179;46;179;46;180;47;178;46;179;45;179;47;179;48;178;46;179;46;178;47;179;46;179;45;179;46;178;48;180;46;180;47;179;48;179;47;180;47;180;46;180;48;181;48;0
181;48;181;46;179;46;178;45;178;47;177;47;179;47;180;47;179;46;179;46;178;47;179;46;179;46;178;47;180;47;178;47;178;45;179;47;179;46;178;47;179;47;179;47;179;46;178;47;180;47;180;47;180;47;182;47;180;0
182;179;47;179;48;179;48;179;46;180;45;180;47;178;46;179;46;180;46;179;46;179;46;180;46;179;46;180;48;180;48;179;46;179;45;178;46;178;46;177;45;179;47;181;48;181;47;179;48;180;47;180;46;179;46;180;48;0
183;48;181;48;181;47;180;47;180;45;178;46;178;46;177;47;179;46;177;46;180;46;180;47;179;45;178;45;179;46;177;46;178;46;179;46;179;46;178;46;177;48;179;47;180;46;179;47;180;47;181;47;181;48;181;48;181;0
184;181;47;180;47;179;46;179;46;179;46;178;47;179;47;179;46;180;47;179;47;179;47;179;47;179;47;179;47;179;47;179;46;179;45;179;44;179;47;178;46;180;47;180;46;180;45;179;47;180;47;180;47;181;48;181;47;0
185;47;180;46;180;46;177;48;180;46;180;47;179;46;179;46;179;46;179;46;181;45;180;46;180;46;179;47;179;46;179;46;180;47;180;48;180;46;179;48;179;44;179;47;179;46;179;46;180;48;180;46;181;46;180;49;181;0
186;181;47;179;46;179;46;179;47;180;46;180;47;179;45;179;45;180;47;181;48;180;47;181;48;180;47;179;45;179;46;179;46;181;46;181;46;179;45;180;46;179;47;179;46;179;46;180;46;180;47;179;48;180;47;181;47;0
187;48;181;46;180;46;180;44;178;47;179;46;180;46;180;46;180;46;179;47;179;47;179;47;180;48;180;47;180;47;179;48;180;45;180;46;179;46;179;45;180;44;179;47;178;46;180;46;180;46;180;47;178;47;180;46;180;0
188;182;47;181;47;180;47;179;48;180;47;180;45;180;48;180;48;179;47;178;46;180;46;181;46;180;47;178;45;180;47;179;47;180;46;180;47;179;47;180;45;179;46;181;46;178;45;179;45;180;46;180;47;180;47;182;47;0
189;48;181;47;181;45;180;46;180;46;180;46;179;47;179;46;180;48;180;46;181;47;180;48;180;48;180;48;181;47;180;45;180;47;180;47;180;46;179;47;179;47;180;45;180;47;179;46;180;46;179;48;180;47;180;46;180;0
190;182;46;181;48;180;46;182;46;180;47;181;49;180;48;182;48;180;47;180;46;180;47;181;47;180;48;180;47;181;46;180;47;181;46;180;47;179;46;180;47;179;47;180;46;181;46;180;47;180;46;180;48;182;46;181;47;0
191;47;180;47;180;46;180;47;179;46;181;46;180;46;180;45;181;47;181;46;180;47;180;47;183;46;179;45;181;46;180;45;179;47;181;47;180;46;180;47;180;45;181;47;180;46;180;44;180;47;181;47;182;46;182;47;182;0
192;181;47;180;47;181;47;179;48;179;46;178;45;179;47;181;47;180;45;179;46;180;49;180;46;182;46;180;45;180;46;179;47;180;46;180;47;179;47;181;46;180;46;182;45;179;46;181;47;181;46;180;46;180;48;181;48;0
Num of bad pixels in cols;0;0;0;0;0;0;0;0;0;0;0;0;0;0;0;0;0;0;0;0;0;0;0;0;0;0;0;0;0;0;0;0;0;0;0;0;0;0;0;0;0;0;0;0;0;0;0;0;0;0;0;0;0;0;0;0;
Number of deadpixels;0;Limit less than;11;;;;;;;;;;;;;;;;;;;;;;;;;;;;;;;;;;;;;;;;;;;;;;;;;;;;;;
Number of deadpixels in finger detect zones;0;Limit less than;1;;;;;;;;;;;;;;;;;;;;;;;;;;;;;;;;;;;;;;;;;;;;;;;;;;;;;;
Median for type1;47;Min;20;Max;65;;;;;;;;;;;;;;;;;;;;;;;;;;;;;;;;;;;;;;;;;;;;;;;;;;;;
Median for type2;174;Min;150;Max;195;;;;;;;;;;;;;;;;;;;;;;;;;;;;;;;;;;;;;;;;;;;;;;;;;;;;
Average for type1;47;;;;;;;;;;;;;;;;;;;;;;;;;;;;;;;;;;;;;;;;;;;;;;;;;;;;;;;;
Average for type2;174;;;;;;;;;;;;;;;;;;;;;;;;;;;;;;;;;;;;;;;;;;;;;;;;;;;;;;;;
Max type1 deviation;3;Limit;25;;;;;;;;;;;;;;;;;;;;;;;;;;;;;;;;;;;;;;;;;;;;;;;;;;;;;;
Max type2 deviation;9;Limit;25;;;;;;;;;;;;;;;;;;;;;;;;;;;;;;;;;;;;;;;;;;;;;;;;;;;;;;
Result;Pass;;;;;;;;;;;;;;;;;;;;;;;;;;;;;;;;;;;;;;;;;;;;;;;;;;;;;;;;
